"customerId";"surname";"geography";"gender";"HasCrCard";"isActiveMember";"estimatedSalary";"application_date";"exit_date";"birth_date"
14500857;"MALANGA";"Germany";"Female";"0";"0";177759.48;"2012-11-10";"2014-04-12";"1966-09-29"
14501146;"QUIRK";"France";"Male";"1";"0";172319.68;"2012-02-15";"2012-08-26";"1975-12-10"
14502720;"CROWL";"Germany";"Male";"1";"0";244038.75;"2014-01-27";"2016-11-05";"1982-05-26"
14504221;"";"";"";"";"";0.0;"2018-05-22";"2018-12-26";""
14507049;"PETEK";"Italy";"Male";"0";"0";151385.98;"2012-03-04";"2013-02-11";"1993-06-09"
14507234;"LUNDEMO";"Spain";"Male";"0";"0";124978.1;"2014-03-10";"2017-01-20";"1970-02-15"
14507910;"KREIGER";"Spain";"Female";"1";"1";54315.3;"2012-01-01";"2013-05-29";"1972-11-03"
14508925;"GIFFEN";"Spain";"Male";"0";"0";81510.69;"2014-04-26";"2016-12-30";"1965-10-13"
14510828;"TICKLE";"Spain";"Female";"0";"0";132412.4;"2014-05-24";"2015-07-31";"1973-02-14"
14511861;"ARVIEW";"Spain";"Female";"1";"0";117232.6;"2018-05-24";"";"1990-07-08"
14512176;"SAVARESE";"Spain";"Male";"1";"0";55897.77;"2013-05-02";"2016-08-18";"1964-10-06"
14517590;"RAINVILLE";"France";"Male";"1";"0";77736.37;"2019-02-08";"";"1980-04-25"
14523468;"LASKOSKI";"Spain";"Female";"1";"0";158161.23;"2017-12-28";"2013-08-03";"1972-10-30"
14523533;"KARNER";"Italy";"Female";"0";"0";92564.7;"2019-11-06";"";"1966-12-19"
14527314;"PLACHA";"Germany";"Female";"1";"0";176765.04;"2018-06-19";"";"1971-08-26"
14527920;"YANEY";"Italy";"Female";"0";"1";107958.18;"2012-12-09";"2014-11-14";"1968-05-18"
14528293;"FIORE";"Spain";"Female";"0";"1";143881.23;"2013-12-12";"2016-08-15";"1983-09-12"
14531245;"";"";"";"";"";0.0;"2012-07-09";"2015-12-02";""
14532611;"ESTEVES";"Spain";"Male";"1";"0";145585.08;"2012-11-21";"2014-01-22";"1979-01-22"
14533189;"BOEKEN";"Italy";"Male";"0";"1";113950.41;"2013-02-08";"2013-12-25";"1988-07-10"
14533272;"COOPERIDER";"Spain";"Male";"1";"0";96425.71;"2013-11-30";"2015-04-08";"1971-10-30"
14534280;"SUBERT";"France";"Male";"1";"0";95754.35;"2018-04-30";"";"1986-10-24"
14535310;"NEVER";"Spain";"Male";"0";"0";109630.43;"2019-09-12";"";"1972-11-24"
14539718;"TERAVAINEN";"Italy";"Female";"0";"1";13068.76;"2014-02-16";"2014-09-05";"1982-08-25"
14543918;"";"Italy";"";"";"";0.0;"2014-02-02";"2014-07-13";""
14544486;"SCARRITT";"France";"Female";"1";"0";74587.51;"2012-10-05";"2016-03-07";"1967-08-06"
14545042;"DUNSCOMB";"France";"Female";"0";"0";42217.37;"2013-11-23";"2014-12-31";"1975-05-28"
14546392;"DREKA";"Germany";"Female";"0";"0";115082.44;"2018-03-02";"2019-04-19";"1980-09-18"
14547901;"SONDERS";"France";"Male";"0";"0";190237.81;"2014-03-24";"2016-07-27";"1982-10-18"
14548478;"VINCI";"Germany";"Female";"1";"1";223191.68;"2014-05-03";"2016-02-07";"1961-12-14"
14549445;"VENESS";"France";"Male";"0";"1";75172.1;"2014-06-19";"2017-05-26";"1976-10-19"
14550106;"VECCHIO";"Italy";"Female";"0";"0";163708.89;"2018-03-25";"";"1994-10-15"
14552161;"JARDING";"Italy";"Male";"1";"0";115521.2;"2014-12-23";"2016-10-02";"1973-07-09"
14552843;"MESITI";"Germany";"Female";"1";"1";118076.4;"2019-08-28";"";"1981-04-02"
14553652;"SEDTAL";"Spain";"Female";"1";"1";48931.9;"2018-04-18";"";"1971-10-28"
14557400;"";"";"";"";"";0.0;"2018-08-28";"";""
14558916;"ZICH";"Spain";"Male";"0";"1";0.0;"2014-12-24";"2018-10-07";"1977-11-30"
14558984;"KRUS";"Germany";"Male";"0";"0";137155.5;"2012-11-29";"2014-09-07";"1981-07-02"
14562879;"FIALLOS";"France";"Female";"0";"0";0.0;"2013-05-30";"2015-12-29";"1964-11-04"
14566106;"UREN";"France";"Male";"0";"0";52081.45;"2013-08-21";"2016-04-06";"1964-04-05"
14566804;"GLAZNER";"Spain";"Male";"0";"1";131623.99;"2012-11-18";"2015-05-18";"1970-10-15"
14568398;"PASSARELLA";"Germany";"Female";"0";"1";24875.94;"2013-05-21";"2017-05-12";"1977-01-05"
14571922;"INGRAFFEA";"Germany";"Female";"1";"1";60037.59;"2019-05-03";"";"1968-09-30"
14572227;"RUTIAGA";"France";"Male";"0";"1";127446.39;"2013-07-22";"2016-11-24";"1991-10-20"
14572620;"OBERSON";"Spain";"Female";"0";"1";59385.92;"2013-08-15";"2015-09-13";"1984-01-14"
14576009;"AYER";"Italy";"Male";"1";"0";119230.21;"2019-09-28";"";"2001-08-17"
14578472;"CONNOLY";"Spain";"Male";"0";"0";54332.67;"2013-01-15";"2015-05-17";"1973-10-08"
14583111;"PERIERA";"Italy";"Male";"0";"1";162354.8;"2013-09-28";"2017-03-26";"1985-02-15"
14583397;"EGLEY";"France";"Female";"0";"0";139983.95;"2014-11-30";"2018-10-24";"1978-03-16"
14584398;"TASLER";"France";"Male";"0";"0";95069.3;"2013-08-12";"2014-05-27";"1979-10-02"
14584724;"OTTILIGE";"Spain";"Male";"0";"1";101187.89;"2013-09-27";"2016-03-31";"1981-04-10"
14585144;"LOFFT";"Germany";"Male";"1";"1";166282.46;"2014-09-26";"2016-07-23";"1983-01-22"
14585588;"JEPPERSON";"France";"Female";"0";"0";76361.36;"2014-10-21";"2017-06-17";"1978-12-16"
14587186;"ANAGNOSTOU";"France";"Male";"1";"1";138199.4;"2014-11-20";"2016-12-01";"1962-08-05"
14596928;"WICKE";"Italy";"Female";"0";"1";141583.28;"2014-08-29";"2017-08-18";"1952-04-25"
14600171;"MAYZES";"France";"Male";"1";"0";78578.59;"2014-07-29";"2016-03-10";"1985-12-18"
14601682;"HARTIG";"Germany";"Female";"0";"1";143733.37;"2018-01-22";"";"1981-03-21"
14603351;"MACHALEK";"Italy";"Male";"0";"0";225140.45;"2014-07-21";"2017-10-03";"1976-03-03"
14606397;"CARTIN";"Spain";"Female";"0";"0";45473.45;"2014-06-01";"2016-04-26";"1987-10-02"
14608011;"HERNDON";"Germany";"Male";"0";"0";68952.28;"2013-09-24";"2017-01-25";"1978-03-23"
14610996;"THAKER";"France";"Female";"0";"1";166608.6;"2013-05-02";"2015-05-04";"1959-06-25"
14611239;"DOKKA";"France";"Male";"0";"1";72210.6;"2019-02-24";"";"1986-04-26"
14612844;"LENSING";"Germany";"Male";"1";"1";150748.38;"2012-05-05";"2016-02-23";"1982-11-16"
14617864;"CASTENANOS";"Germany";"Male";"1";"1";155067.29;"2013-01-24";"2014-01-13";"1974-03-27"
14617991;"BILA";"Germany";"Female";"1";"0";115595.43;"2013-09-04";"2016-06-15";"1973-02-19"
14618842;"ACERNO";"France";"Female";"1";"1";97853.88;"2012-06-21";"2015-02-07";"1980-11-24"
14620217;"";"";"";"";"";0.0;"2013-02-03";"2013-12-23";""
14621186;"RODRIGO";"France";"Female";"0";"1";147299.78;"2013-06-29";"2016-09-30";"1972-10-13"
14623220;"SHILLEH";"Germany";"Male";"1";"0";104477.76;"2018-10-04";"";"1970-02-03"
14624718;"MONTGOMERY";"Spain";"Female";"0";"1";153609.37;"2019-08-26";"";"1997-12-03"
14631438;"SACCA";"France";"Male";"0";"0";7358.12;"2012-09-27";"2015-12-31";"1969-10-31"
14635187;"";"";"";"";"";0.0;"2019-11-21";"";""
14636911;"MERLAIN";"Germany";"Female";"0";"0";86641.03;"2013-10-30";"2017-07-10";"1955-09-17"
14639263;"CAHILLANE";"Spain";"Male";"1";"1";96958.91;"2014-02-15";"2016-01-06";"1971-08-03"
14639646;"DYER";"Spain";"Male";"1";"1";156591.55;"2014-08-21";"2015-01-07";"1996-06-30"
14639919;"DEPAOLA";"Italy";"Female";"0";"1";110047.61;"2013-05-26";"2015-11-19";"1993-09-13"
14640183;"MCCUIEN";"France";"Male";"0";"1";97002.24;"2012-12-31";"2015-09-29";"1977-07-07"
14640325;"BOWDICH";"Germany";"Male";"1";"0";92072.11;"2019-07-04";"";"1972-11-26"
14640627;"ARMANT";"Spain";"Male";"0";"0";177593.04;"2019-01-23";"";"1982-09-09"
14640969;"TELLER";"Germany";"Male";"1";"0";194346.93;"2012-07-29";"2015-05-02";"1982-03-17"
14640986;"STEVEY";"France";"Male";"0";"1";140461.37;"2012-07-06";"2014-03-20";"1958-01-02"
14641711;"GALLEGOS";"Germany";"Female";"1";"1";0.0;"2014-06-06";"2016-06-02";"1967-05-18"
14644732;"HODAPP";"Germany";"Male";"1";"1";52993.94;"2013-06-28";"2015-01-17";"1987-09-02"
14648573;"NALLS";"Spain";"Male";"1";"0";140827.98;"2019-06-19";"";"1979-02-27"
14650088;"DEGENFELDER";"Italy";"Female";"0";"0";89110.45;"2018-03-07";"";"1976-03-28"
14652785;"SOULEK";"Spain";"Female";"0";"0";133877.67;"2013-11-14";"2016-04-16";"1979-02-12"
14661098;"ORTEGO";"Germany";"Male";"0";"0";103057.89;"2018-04-11";"";"1971-10-22"
14662594;"ROLING";"France";"Female";"0";"0";0.0;"2019-03-10";"";"1981-12-10"
14663863;"ANAGNOS";"France";"Male";"0";"1";82481.73;"2018-03-17";"2019-07-23";"1973-11-22"
14668181;"PREVETT";"Spain";"Female";"1";"1";132244.9;"2013-10-24";"2014-12-25";"1971-01-24"
14671203;"HARLEMAN";"France";"Female";"0";"0";150937.77;"2013-11-28";"2017-06-20";"1955-09-14"
14671781;"EQUILUZ";"Italy";"Male";"1";"0";63135.86;"2012-07-18";"2014-03-13";"1950-03-12"
14672547;"SHARPER";"France";"Male";"1";"0";147647.01;"2014-09-29";"2017-03-11";"1977-06-18"
14673315;"";"";"";"";"";0.0;"2013-08-30";"2016-02-01";""
14674666;"LERI";"Italy";"Male";"0";"0";112303.32;"2014-04-11";"2016-09-12";"1967-11-08"
14674848;"ISCH";"France";"Female";"1";"0";116781.38;"2012-03-08";"2013-02-27";"1976-08-12"
14676161;"MCCATTY";"Germany";"Female";"1";"1";44183.82;"2018-05-13";"";"1990-01-24"
14676886;"GURAL";"Italy";"Female";"1";"0";67728.57;"2019-02-22";"2019-06-30";"1999-11-27"
14677218;"TOELKES";"Germany";"Male";"1";"0";99059.25;"2018-07-11";"";"1986-02-14"
14678908;"PENYA";"Germany";"Female";"0";"1";169263.72;"2019-09-19";"";"1974-06-19"
14683513;"VERSER";"Germany";"Female";"1";"1";32907.7;"2012-12-11";"2014-11-12";"1964-07-06"
14684299;"BORRELL";"Germany";"Female";"1";"1";65902.03;"2013-12-09";"2014-06-23";"1975-01-03"
14686760;"CONDIE";"France";"Male";"0";"0";114529.38;"2012-02-12";"2014-05-26";"1980-12-27"
14687507;"SAULER";"France";"Male";"0";"0";121545.42;"2018-05-13";"2018-09-25";"1959-08-06"
14690157;"DOCKEN";"Spain";"Male";"1";"0";85624.55;"2012-08-04";"2015-04-19";"1957-05-29"
14690779;"DAVTYAN";"Italy";"Female";"0";"1";82858.15;"2019-10-28";"";"1975-08-11"
14691523;"JEFFERYS";"Germany";"Female";"1";"0";38605.83;"2013-11-02";"2016-03-10";"1966-03-07"
14692655;"DOMHOFF";"France";"Male";"1";"0";113906.01;"2014-05-09";"2016-10-21";"1962-12-01"
14693876;"MANTHE";"Italy";"Male";"0";"1";89743.8;"2019-03-04";"";"1971-11-23"
14695878;"ARGABRIGHT";"Germany";"Male";"1";"0";120672.58;"2014-11-14";"2016-12-04";"1973-10-13"
14699098;"ANGLUM";"Spain";"Male";"0";"1";48848.15;"2014-12-13";"2018-03-09";"1990-05-30"
14700474;"RUSSUM";"France";"Female";"1";"1";151351.41;"2018-01-12";"";"1986-08-07"
14700520;"TALLARICO";"Italy";"Female";"1";"1";133249.13;"2013-04-16";"2013-08-02";"1974-02-10"
14703191;"ALLENDE";"Spain";"Female";"0";"0";105811.57;"2012-02-01";"2014-09-03";"1970-06-30"
14706011;"LANMAN";"Germany";"Male";"1";"1";91856.01;"2019-11-25";"";"1968-08-27"
14706230;"SODEMAN";"Germany";"Male";"0";"0";109163.6;"2012-01-11";"2012-07-31";"1950-02-13"
14709500;"PREWER";"France";"Male";"1";"0";135760.43;"2017-12-09";"";"1978-07-10"
14712348;"SHELBURN";"Germany";"Female";"1";"1";195351.13;"2018-12-23";"2019-10-27";"1980-06-08"
14712908;"MACDONALD";"Germany";"Female";"1";"1";43978.94;"2012-02-14";"2012-12-16";"1966-06-10"
14717825;"BRUSCATO";"Spain";"Female";"0";"1";44689.69;"2013-02-19";"2014-04-25";"1991-04-25"
14719176;"WEHRING";"Germany";"Female";"0";"0";52000.17;"2018-06-16";"2019-07-17";"1984-10-17"
14720638;"MILLIER";"Italy";"Male";"1";"0";109978.75;"2012-08-25";"2013-11-06";"1962-11-13"
14721232;"TESMAR";"France";"Female";"1";"0";170375.78;"2013-01-07";"2016-09-16";"1959-11-09"
14725068;"CALLUM";"France";"Female";"0";"0";111438.85;"2014-06-08";"2018-05-29";"1983-03-19"
14725264;"HIELSCHER";"Spain";"Female";"1";"1";174903.01;"2019-07-02";"";"1975-01-21"
14725636;"BARS";"France";"Male";"0";"0";106771.45;"2014-01-12";"2015-09-08";"1990-06-04"
14726504;"HAYE";"France";"Male";"0";"0";97211.37;"2012-11-05";"2015-07-05";"1970-08-03"
14726840;"SEITER";"Spain";"Male";"0";"0";66035.33;"2012-02-24";"2014-07-15";"1972-11-17"
14727353;"TORUNO";"France";"Female";"1";"0";120515.57;"2012-11-06";"2013-08-07";"1987-08-05"
14729847;"MOZZONE";"Spain";"Male";"1";"0";198335.46;"2012-07-17";"2014-08-26";"1974-01-10"
14732065;"READUS";"Spain";"Male";"0";"1";145262.26;"2014-01-23";"2015-03-18";"1956-05-27"
14733098;"";"";"";"";"";0.0;"2019-05-09";"";""
14733224;"PAWLUCH";"Italy";"Female";"1";"1";159663.59;"2012-08-01";"2013-08-09";"1977-08-19"
14733244;"KNAFF";"Germany";"Male";"0";"0";64101.15;"2018-07-11";"2019-05-04";"1974-12-24"
14735647;"TOUNEY";"France";"Male";"1";"0";0.0;"2014-08-13";"2015-10-19";"1982-11-23"
14737981;"NIPPLE";"Germany";"Female";"0";"0";123828.94;"2013-04-13";"2015-08-28";"1967-05-23"
14738071;"PRATILLO";"Spain";"Male";"1";"0";210928.01;"2019-03-17";"";"1992-07-29"
14738074;"HUSE";"Spain";"Male";"0";"1";45659.16;"2018-12-25";"";"1985-06-11"
14738557;"STERLACE";"France";"Female";"1";"1";63618.74;"2012-02-28";"2012-11-29";"1961-06-25"
14740825;"RUBNER";"Italy";"Female";"0";"0";0.0;"2013-04-29";"2016-06-16";"1974-06-07"
14744344;"DONOSO";"Italy";"Female";"1";"1";93014.75;"2014-12-05";"2015-04-11";"1988-04-08"
14746757;"MARTINSON";"Italy";"Male";"0";"1";116858.42;"2013-09-01";"2014-09-18";"1972-02-06"
14751664;"SIMENEZ";"France";"Female";"1";"1";3614.02;"2014-03-04";"2017-11-16";"1963-09-12"
14753221;"DEGRAW";"Spain";"Female";"1";"0";70417.51;"2013-04-11";"2016-01-28";"1994-10-29"
14753589;"FARRON";"France";"Female";"0";"0";215142.78;"2014-09-25";"2017-03-26";"1967-05-07"
14753679;"LOUP";"Spain";"Female";"1";"1";121948.35;"2014-01-11";"2017-04-06";"1961-09-15"
14756084;"SAMES";"France";"Female";"0";"1";99923.09;"2019-02-28";"";"1986-08-23"
14757702;"PRAKASH";"Italy";"Male";"1";"0";87882.89;"2014-11-01";"2015-08-12";"1985-01-02"
14759632;"OBERLANDER";"Germany";"Female";"1";"1";37743.2;"2014-08-12";"2015-02-14";"1979-12-06"
14760622;"BROUSE";"France";"Male";"0";"1";68578.09;"2018-03-27";"";"1991-05-19"
14761828;"ARAMBOLES";"Italy";"Male";"1";"0";85454.75;"2014-04-18";"2018-01-24";"1968-07-11"
14765889;"FREEBURG";"France";"Male";"1";"1";133997.03;"2019-04-22";"";"1966-11-25"
14769148;"CUCVAS";"Italy";"Male";"0";"1";124916.39;"2018-01-22";"2019-08-01";"1965-08-13"
14770258;"JABBIE";"Germany";"Female";"1";"0";41327.21;"2014-01-11";"2017-12-05";"1965-08-10"
14770300;"TAYLOR";"Italy";"Male";"0";"1";221340.37;"2012-03-28";"2013-08-13";"1955-07-26"
14771095;"LOSON";"Spain";"Female";"1";"1";67036.77;"2014-01-18";"2015-08-11";"1974-12-05"
14772229;"LINGBEEK";"France";"Female";"1";"1";190659.3;"2014-02-04";"2017-03-01";"1988-11-26"
14773494;"BLANDA";"France";"Male";"1";"0";130495.99;"2014-10-05";"2016-03-07";"1989-07-05"
14773503;"ICARD";"Germany";"Male";"1";"1";80798.88;"2018-10-16";"";"1982-02-26"
14774854;"CHRISTAIN";"Spain";"Female";"0";"1";108555.08;"2013-08-25";"2016-06-10";"1978-09-29"
14775118;"AMISON";"Spain";"Female";"1";"1";2648.37;"2019-11-28";"";"1954-03-30"
14775821;"DASO";"France";"Male";"0";"0";28410.85;"2012-12-04";"2013-05-15";"1963-06-05"
14776768;"BIGLIN";"Italy";"Male";"0";"0";153392.31;"2014-01-19";"2015-10-14";"1983-10-14"
14778354;"NEPOMUCENO";"Spain";"Female";"0";"1";0.0;"2013-06-11";"2015-01-09";"1982-03-26"
14779978;"SCHWARZER";"Spain";"Female";"0";"1";141533.3;"2019-05-06";"";"1982-08-25"
14783175;"LOSSA";"Germany";"Female";"1";"0";47953.52;"2014-08-23";"2016-12-09";"1992-03-13"
14784567;"LAMING";"France";"Female";"1";"1";98389.16;"2013-05-09";"2014-05-28";"1977-02-03"
14785106;"ROEHLING";"Germany";"Female";"0";"0";158096.63;"2013-09-03";"2014-04-26";"1971-02-19"
14788746;"PHANTHAUONG";"Spain";"Female";"1";"1";142777.79;"2013-08-02";"2015-05-07";"1970-05-31"
14788923;"BERRIEN";"France";"Male";"1";"0";77162.79;"2017-12-17";"2019-03-16";"1987-11-19"
14789703;"BENTHIN";"Spain";"Male";"1";"1";8751.45;"2013-01-23";"2014-08-28";"1985-11-25"
14790387;"KUTCHIN";"Spain";"Female";"0";"1";7893.36;"2019-10-24";"";"1973-04-01"
14792424;"PLACIDO";"France";"Female";"0";"1";17062.22;"2018-01-16";"2019-10-27";"1987-02-27"
14793467;"RIOS";"Germany";"Male";"0";"0";167689.18;"2012-10-07";"2013-06-08";"1963-07-24"
14798364;"CASTROGIOVANN";"Germany";"Female";"1";"1";22135.08;"2012-08-14";"2014-06-11";"1965-06-10"
14798536;"CHARLIE";"Italy";"Female";"1";"1";85118.92;"2014-10-04";"2017-04-11";"1984-10-29"
14802529;"MCMORRIS";"Germany";"Female";"0";"0";155359.5;"2012-01-27";"2015-01-19";"1967-09-29"
14802628;"GIMENEZ";"Germany";"Male";"1";"0";85797.08;"2012-03-09";"2015-01-31";"1972-07-08"
14802746;"KRENZER";"Italy";"Male";"1";"0";133606.18;"2012-02-28";"2012-10-06";"1973-10-01"
14804128;"PERIERA";"Germany";"Female";"0";"0";136558.12;"2018-03-13";"2019-08-24";"1966-07-07"
14806779;"MCKEE";"Spain";"Male";"1";"0";136813.0;"2014-03-23";"2017-09-18";"1952-02-15"
14816116;"ISOM";"Germany";"Male";"0";"0";71378.11;"2014-10-20";"2017-10-04";"1979-05-01"
14819693;"PREJSNAR";"Italy";"Male";"0";"0";0.0;"2014-10-28";"2018-04-20";"1986-08-02"
14821518;"LOFTIN";"France";"Male";"0";"1";117111.29;"2014-06-27";"2017-09-24";"1968-06-08"
14823853;"ORDONEZ";"Spain";"Female";"1";"0";18351.06;"2018-09-11";"";"1989-01-21"
14824245;"SHEPHEARD";"Germany";"Male";"0";"0";109396.19;"2012-12-06";"2016-04-06";"1981-07-21"
14826540;"DELANEY";"Spain";"Female";"0";"0";96832.64;"2013-09-18";"2014-05-09";"1975-10-25"
14827505;"BRERETON";"Spain";"Female";"1";"1";168941.08;"2013-06-03";"2015-06-21";"1970-07-21"
14827746;"KRIZAN";"Germany";"Female";"1";"1";94383.59;"2019-04-01";"";"1997-06-15"
14827795;"CARAS";"Germany";"Male";"1";"1";11901.85;"2012-03-22";"2015-01-17";"1968-09-06"
14829259;"LYLES";"France";"Male";"0";"0";192990.28;"2013-03-11";"2014-09-18";"1970-04-21"
14829262;"OGLE";"Italy";"Female";"0";"0";108122.11;"2013-10-07";"2016-10-25";"1962-08-06"
14830636;"AKEN";"Italy";"Female";"1";"1";174952.98;"2019-02-21";"";"1971-11-27"
14831923;"POWSEY";"Germany";"Female";"1";"0";55702.92;"2012-02-03";"2012-06-29";"1968-04-09"
14834227;"FEIGH";"Spain";"Male";"0";"1";1040.34;"2019-02-07";"";"1983-07-05"
14834520;"TASLER";"France";"Female";"1";"1";107844.41;"2013-02-28";"2015-04-26";"1974-08-14"
14836085;"ISEBRAND";"Germany";"Female";"0";"1";92912.2;"2013-05-09";"2013-10-13";"1966-07-02"
14836171;"MEANY";"Italy";"Female";"0";"1";36949.96;"2018-10-30";"";"1974-02-05"
14838954;"LAWSKY";"Germany";"Male";"1";"1";8409.71;"2014-03-06";"2014-10-18";"1986-01-23"
14839421;"PETTERS";"Italy";"Male";"1";"1";87841.95;"2018-04-28";"2019-07-20";"1971-08-06"
14843504;"APPELGATE";"France";"Male";"1";"1";115585.29;"2014-08-24";"2018-05-01";"1972-07-25"
14843638;"CORELLI";"Spain";"Female";"1";"0";0.0;"2018-04-22";"";"1987-10-13"
14844655;"CALICA";"Germany";"Female";"0";"0";64408.92;"2018-05-27";"";"1971-03-11"
14845498;"DRONKO";"Germany";"Male";"1";"1";148745.32;"2019-06-19";"";"1991-08-18"
14848587;"LAPLUME";"Germany";"Male";"0";"0";149914.91;"2017-12-04";"";"1978-04-25"
14848778;"DAHNKE";"Spain";"Male";"1";"1";166462.8;"2018-02-16";"";"1966-10-29"
14852804;"ANDUJO";"Germany";"Female";"0";"1";73245.44;"2014-04-15";"2017-12-27";"1972-11-03"
14853631;"NORLUND";"France";"Female";"1";"1";71882.27;"2019-05-28";"";"1956-04-17"
14854398;"";"Italy";"";"";"";0.0;"2019-05-26";"";""
14854442;"ESSLER";"France";"Male";"0";"1";0.0;"2019-03-04";"";"1985-10-19"
14855528;"HEYS";"Germany";"Male";"1";"1";45228.3;"2012-06-29";"2013-03-31";"1976-10-05"
14855568;"ROEMER";"Italy";"Male";"0";"0";66254.98;"2012-11-14";"2014-01-01";"1969-12-12"
14856355;"";"";"";"";"";0.0;"2013-09-27";"2016-10-07";""
14856464;"BOUVIER";"Spain";"Female";"1";"0";126217.29;"2013-10-09";"2016-01-17";"1978-04-07"
14857778;"GOLPE";"Spain";"Female";"0";"0";126677.8;"2017-12-26";"";"1999-03-16"
14861004;"DOCHERTY";"Italy";"Male";"1";"1";69294.79;"2013-11-16";"2014-07-20";"1970-05-22"
14861333;"JURGENS";"France";"Male";"1";"0";107333.75;"2019-08-23";"";"1976-01-31"
14861335;"SAVOCCHIA";"Italy";"Female";"0";"0";224873.45;"2012-09-25";"2016-02-07";"1969-07-15"
14861580;"SPRENKLE";"Germany";"Male";"0";"1";206367.46;"2019-08-29";"";"1989-06-29"
14867646;"MCNAIL";"Germany";"Female";"1";"1";138027.74;"2014-03-10";"2015-07-27";"1961-04-22"
14867712;"DAUFELDT";"Germany";"Female";"1";"0";100834.56;"2012-10-05";"2016-01-11";"1975-02-21"
14870420;"BAGNOLI";"France";"Male";"1";"1";148959.25;"2019-07-26";"";"1958-06-18"
14871296;"MATSUKI";"Germany";"Male";"1";"0";218836.28;"2014-05-15";"2018-05-11";"1977-01-05"
14872134;"CUNNIFFE";"Germany";"Female";"1";"1";34862.57;"2013-09-08";"2016-04-19";"1957-11-06"
14873582;"CUZCO";"Italy";"Female";"0";"0";152298.46;"2018-01-17";"";"1969-04-11"
14873630;"ELZIE";"Italy";"Male";"1";"0";110883.36;"2019-07-21";"";"1984-09-03"
14873947;"AKIM";"France";"Male";"0";"0";143312.42;"2018-10-12";"";"1972-02-17"
14878135;"CREECH";"Italy";"Female";"1";"0";165131.8;"2018-11-14";"2019-06-03";"1982-02-26"
14879139;"LUNFORD";"France";"Female";"1";"0";118414.75;"2013-10-26";"2016-01-20";"1989-01-09"
14879819;"SHARRATT";"Spain";"Male";"1";"1";125129.29;"2019-10-19";"";"1975-09-02"
14880057;"STOLZENBERG";"France";"Male";"1";"0";28348.67;"2012-12-16";"2015-03-02";"1983-10-07"
14880214;"SKULTETY";"France";"Male";"1";"1";0.0;"2012-11-18";"2014-04-12";"1961-12-10"
14887793;"";"";"";"";"";0.0;"2013-10-04";"2017-06-04";""
14889194;"NUNZIATO";"France";"Female";"0";"0";153362.63;"2014-07-01";"2016-11-09";"1980-08-16"
14891082;"TURMEL";"Spain";"Male";"1";"0";174107.09;"2013-07-01";"2017-01-19";"1973-08-12"
14891635;"ORENGO";"Spain";"Female";"0";"0";127728.22;"2012-10-25";"2015-12-10";"1965-06-08"
14895238;"ONEZNE";"Spain";"Male";"0";"0";147015.51;"2018-10-31";"";"1977-05-29"
14897098;"WITTING";"France";"Female";"1";"1";23453.47;"2012-01-10";"2015-01-05";"1979-09-04"
14898180;"LEIMBACH";"France";"Female";"0";"1";54737.96;"2014-07-28";"2016-11-27";"1986-04-01"
14899014;"BOLES";"France";"Female";"0";"1";6704.93;"2019-04-17";"";"1984-10-24"
14899328;"DHARAS";"Italy";"Female";"0";"0";73588.62;"2018-10-15";"";"1972-02-12"
14899374;"HERKENRATT";"France";"Male";"1";"0";88075.99;"2014-11-07";"2016-06-07";"1982-04-19"
14899930;"KAERCHER";"Germany";"Male";"0";"0";237012.2;"2013-03-08";"2015-07-11";"1986-07-15"
14900832;"HEAGNEY";"Italy";"Male";"1";"1";87193.69;"2014-08-29";"2017-04-06";"1994-04-02"
14901375;"PEPLINSKI";"France";"Male";"1";"1";118385.99;"2012-10-08";"2013-04-09";"1973-11-02"
14901996;"KATONA";"France";"Female";"0";"1";33430.46;"2018-01-17";"";"1973-04-29"
14902170;"TEBOW";"France";"Female";"1";"1";125711.84;"2014-07-12";"2014-12-29";"1983-04-20"
14903907;"PELLUM";"Italy";"Male";"1";"1";64702.36;"2012-12-04";"2015-12-22";"1975-10-17"
14904332;"";"Italy";"";"";"";0.0;"2013-12-15";"2016-10-29";""
14905452;"ORGILL";"Spain";"Male";"1";"1";153539.1;"2019-10-15";"";"1995-08-10"
14905869;"URA";"Italy";"Male";"1";"1";166030.23;"2017-12-15";"";"1969-06-05"
14906404;"ACKER";"Italy";"Female";"1";"0";97209.05;"2012-10-24";"2014-10-30";"1980-06-18"
14907071;"MCELHONE";"Spain";"Female";"1";"0";146593.17;"2019-01-09";"";"1986-03-23"
14909061;"TOTTER";"France";"Male";"0";"1";147703.01;"2018-03-03";"";"1979-07-20"
14909154;"HATLEE";"France";"Male";"1";"0";129902.32;"2014-02-08";"2015-06-01";"1974-10-24"
14909365;"ELAMIN";"Germany";"Male";"0";"0";107752.12;"2014-03-25";"2014-07-28";"1995-06-17"
14909934;"PONDER";"Italy";"Male";"0";"1";29412.47;"2019-07-18";"";"1994-09-08"
14913185;"BEDOR";"Germany";"Female";"0";"1";78802.91;"2014-02-11";"2015-09-15";"1989-03-31"
14914724;"GRAVELIN";"Spain";"Male";"0";"1";81485.44;"2013-02-16";"2016-10-14";"1973-08-05"
14915115;"MACURA";"Spain";"Male";"1";"1";36090.09;"2014-12-28";"2016-05-11";"1982-09-26"
14915134;"SWAINE";"France";"Male";"0";"1";78111.87;"2013-05-11";"2014-09-01";"1970-02-21"
14915281;"FALWELL";"France";"Female";"1";"1";80966.61;"2019-09-03";"";"1980-05-31"
14919368;"";"";"";"";"";0.0;"2012-01-13";"2013-08-01";""
14919485;"BARDEN";"France";"Female";"0";"0";86343.85;"2014-11-15";"2018-10-10";"1962-07-03"
14920098;"RIDEN";"Germany";"Male";"0";"1";76988.06;"2013-08-05";"2016-11-22";"1979-03-14"
14920153;"SHADLEY";"Italy";"Male";"1";"0";62625.54;"2018-04-07";"";"1983-10-02"
14920852;"BOZARD";"Spain";"Male";"0";"1";194865.04;"2014-03-24";"2016-02-03";"1965-09-02"
14921129;"BALSIS";"Spain";"Female";"0";"1";158104.46;"2019-09-27";"";"1975-06-10"
14923098;"POTTINGER";"France";"Female";"0";"1";174265.12;"2018-12-17";"2019-06-05";"1975-03-10"
14923525;"FROESE";"Spain";"Male";"1";"1";20134.14;"2014-02-15";"2016-11-30";"1979-01-21"
14925881;"PHURROUGH";"Germany";"Female";"1";"0";94024.08;"2012-08-16";"2012-11-19";"1979-01-11"
14927962;"MCEUEN";"Spain";"Male";"1";"1";157583.5;"2012-10-23";"2014-12-23";"1989-09-03"
14928023;"MARKEL";"Spain";"Female";"0";"0";136052.05;"2018-05-16";"";"1989-12-27"
14928402;"DAEHN";"France";"Male";"0";"0";131427.86;"2013-08-20";"2014-08-29";"1962-09-22"
14928576;"GEARY";"Spain";"Male";"1";"0";69969.21;"2018-07-11";"";"1992-08-01"
14930917;"LUDDY";"Germany";"Male";"1";"1";135470.99;"2019-09-29";"";"1977-12-15"
14932319;"TURELL";"Spain";"Female";"1";"1";164676.27;"2018-06-11";"";"1974-12-16"
14934257;"LAGLIE";"France";"Female";"1";"0";89984.57;"2013-10-05";"2016-10-10";"1989-11-05"
14935681;"LOSKILL";"France";"Male";"0";"0";0.0;"2014-10-27";"2017-08-22";"1974-07-22"
14935722;"BESSARD";"France";"Male";"1";"0";108855.22;"2014-12-13";"2016-10-08";"1979-06-05"
14938162;"JUBINVILLE";"Italy";"Male";"0";"1";104003.34;"2018-12-09";"";"1997-11-08"
14941865;"TILL";"Italy";"Female";"1";"1";162617.04;"2018-06-06";"";"1970-05-09"
14944149;"FRUEHLING";"Italy";"Female";"0";"1";70664.11;"2014-01-28";"2014-08-28";"1977-11-19"
14944847;"LANDENBERGER";"Italy";"Male";"0";"1";194172.86;"2013-10-26";"2014-09-01";"1975-08-04"
14944995;"JOHNS";"Germany";"Female";"1";"1";132136.32;"2012-06-03";"2012-11-15";"1955-03-02"
14946243;"BERCHIELLI";"Germany";"Male";"0";"0";79824.06;"2013-04-19";"2015-11-11";"1965-10-26"
14948565;"KESTLE";"Spain";"Female";"0";"1";116556.58;"2018-07-14";"2019-09-12";"1982-06-16"
14950294;"SIGWART";"Spain";"Female";"0";"0";146691.1;"2012-03-29";"2015-12-10";"1984-11-11"
14951676;"WINKFIELD";"France";"Male";"0";"1";62560.53;"2012-07-21";"2015-03-14";"1982-04-08"
14951966;"DENOON";"Spain";"Female";"0";"0";76859.86;"2014-09-08";"2018-01-05";"1971-07-01"
14952696;"PETRO";"France";"Male";"1";"0";119518.08;"2018-11-27";"";"1979-10-10"
14952923;"GREGERSEN";"Italy";"Female";"1";"1";51324.99;"2014-06-21";"2015-06-14";"1973-07-15"
14958607;"GRAMC";"France";"Female";"0";"0";73601.88;"2014-09-15";"2018-02-21";"1986-06-27"
14960380;"EMIG";"Italy";"Male";"0";"1";125529.05;"2014-04-28";"2015-01-28";"1991-05-16"
14961173;"TOMPKINS";"Spain";"Female";"1";"1";573.48;"2013-05-05";"2016-12-11";"1979-08-12"
14964765;"GREENROSE";"Italy";"Male";"1";"1";170428.82;"2019-10-14";"";"1951-07-24"
14964845;"MOLLENHAUER";"Spain";"Female";"1";"1";201217.92;"2017-12-03";"2019-04-11";"1960-04-22"
14967523;"INGLES";"Germany";"Female";"1";"1";50412.85;"2014-06-08";"2018-05-31";"1985-04-14"
14968854;"WOLLIN";"Spain";"Male";"1";"0";128687.75;"2019-04-09";"";"1973-12-11"
14969761;"";"";"";"";"";0.0;"2014-09-17";"2017-06-16";""
14972553;"DZWONKOWSKI";"Germany";"Female";"1";"1";158641.11;"2013-12-21";"2014-06-12";"1974-02-20"
14977813;"MENITZ";"Germany";"Male";"0";"0";0.0;"2018-07-04";"";"1970-09-07"
14978599;"BALDASARO";"Spain";"Female";"0";"0";140040.15;"2013-04-04";"2014-06-05";"1966-02-03"
14981681;"TORELLO";"Germany";"Male";"1";"1";121324.32;"2012-07-30";"2016-06-24";"1985-04-12"
14982895;"DARBYSHIRE";"France";"Male";"1";"1";13680.81;"2014-06-06";"2017-01-18";"1980-02-18"
14985184;"AGANS";"Germany";"Female";"1";"0";0.0;"2014-03-31";"2018-03-03";"1995-10-31"
14989716;"GANGWISH";"France";"Male";"1";"0";37186.47;"2018-03-02";"";"1973-04-04"
14990118;"MOLOCK";"Italy";"Male";"1";"0";121219.28;"2019-01-08";"";"1980-08-03"
14992125;"SAGERS";"Spain";"Female";"1";"1";69437.77;"2018-01-14";"2019-05-15";"1965-03-27"
14994315;"PEARL";"France";"Male";"0";"0";66624.79;"2014-12-20";"2017-01-09";"1968-10-30"
14995396;"PARRIERA";"Spain";"Male";"1";"0";15968.82;"2018-06-20";"";"1999-12-14"
14996123;"CALAMARI";"Germany";"Male";"1";"1";119042.26;"2018-03-23";"";"1996-07-26"
14997357;"SPAKE";"Italy";"Male";"1";"0";195406.16;"2012-01-08";"2013-10-20";"1977-05-02"
14998762;"BORIS";"France";"Male";"0";"1";53893.65;"2012-05-03";"2013-03-14";"1979-02-09"
14999072;"DRAINVILLE";"Italy";"Female";"0";"1";58425.94;"2013-12-24";"2015-06-22";"1968-04-13"
14999265;"FISHMAN";"Germany";"Female";"1";"1";126849.83;"2012-05-08";"2016-01-04";"1967-02-05"
15000454;"CONAWAY";"Italy";"Female";"0";"1";129391.38;"2013-11-14";"2016-11-25";"1967-01-06"
15000557;"DIBLE";"Germany";"Male";"0";"1";32967.91;"2012-11-29";"2013-03-02";"1970-07-19"
15000648;"FULLMER";"Italy";"Female";"0";"0";127105.5;"2019-11-12";"";"1989-04-02"
15000937;"DOWNIE";"Italy";"Female";"1";"1";128646.87;"2019-11-14";"";"2001-09-12"
15002802;"VOST";"France";"Female";"1";"1";80635.1;"2014-04-29";"2015-02-03";"1968-01-08"
15005433;"DELUCIA";"Germany";"Female";"0";"0";81957.65;"2019-08-25";"";"1984-01-26"
15006114;"CARPINELLI";"France";"Male";"1";"1";73677.42;"2013-08-07";"2015-06-28";"1983-12-19"
15007816;"PRISOC";"Germany";"Female";"1";"1";98888.54;"2013-08-21";"2017-04-11";"1955-04-16"
15007857;"VALENZULA";"Spain";"Male";"1";"1";117920.62;"2014-11-12";"2017-10-12";"1978-01-28"
15007886;"ROTHMANN";"Italy";"Male";"0";"1";70812.77;"2018-08-06";"";"1981-03-09"
15009002;"GREENER";"France";"Male";"0";"0";190237.38;"2014-03-17";"2016-10-15";"1973-07-30"
15010964;"GALASSI";"France";"Male";"1";"0";141201.92;"2012-08-19";"2013-05-30";"1989-12-25"
15011667;"OZLEY";"Italy";"Female";"1";"1";83949.98;"2018-12-15";"";"1967-11-15"
15011759;"";"Italy";"";"";"";0.0;"2019-06-06";"";""
15011873;"POLCYN";"Germany";"Female";"0";"0";93101.31;"2019-06-20";"";"1977-01-29"
15012296;"BORJA";"Italy";"Male";"0";"0";93303.42;"2013-12-23";"2014-07-26";"1992-08-20"
15014099;"HANNIGAN";"Germany";"Male";"1";"0";144588.54;"2018-01-07";"";"1977-12-02"
15014704;"";"";"";"";"";0.0;"2012-11-23";"2013-05-08";""
15023210;"MEACH";"Italy";"Female";"1";"1";101862.01;"2012-02-22";"2013-10-14";"1950-01-23"
15023227;"PITCHERELLO";"Spain";"Male";"0";"0";140071.02;"2013-09-17";"2016-04-14";"1977-04-14"
15030625;"";"Italy";"";"";"";0.0;"2019-11-23";"";""
15032837;"BRASEL";"Italy";"Female";"1";"0";128769.89;"2013-04-01";"2016-12-10";"1951-12-04"
15033099;"ZAPPIA";"Germany";"Male";"1";"0";63548.52;"2013-12-13";"2014-05-10";"1955-06-07"
15036048;"SAMRAH";"Italy";"Male";"0";"1";101415.0;"2018-09-26";"";"1981-09-07"
15038255;"CHASTINE";"France";"Male";"1";"0";20765.38;"2013-04-16";"2016-11-07";"1982-10-09"
15039660;"WEIRAUCH";"Germany";"Male";"1";"0";131641.88;"2012-09-04";"2016-08-06";"1952-09-26"
15041126;"RINDELS";"Spain";"Female";"0";"0";97483.25;"2014-10-13";"2015-08-04";"1962-04-10"
15041497;"SUMRULD";"France";"Female";"0";"1";77491.79;"2018-08-04";"";"1982-08-23"
15044863;"DANDROW";"Spain";"Female";"0";"0";138544.21;"2018-09-14";"";"1982-11-28"
15046521;"LASKOWITZ";"Germany";"Female";"0";"1";111669.22;"2014-11-27";"2015-10-30";"1986-07-05"
15050446;"HESSIAN";"Germany";"Female";"1";"0";74086.92;"2017-12-17";"";"1971-05-18"
15056044;"FEGETT";"Italy";"Male";"1";"0";0.0;"2018-03-19";"";"1982-05-26"
15056510;"FEEHERY";"France";"Female";"0";"1";149682.2;"2014-10-13";"2016-09-07";"1967-12-12"
15057172;"DANTONI";"Italy";"Male";"0";"1";123859.93;"2013-03-30";"2015-09-03";"1980-03-03"
15057984;"RAMNARINE";"France";"Female";"1";"1";5199.01;"2018-10-25";"2019-08-26";"1988-12-22"
15058648;"MCGEORGE";"Spain";"Male";"1";"1";192824.27;"2013-07-24";"2014-04-16";"1963-05-26"
15059875;"WILDT";"Germany";"Male";"0";"0";88082.63;"2012-02-27";"2014-02-13";"1992-10-02"
15060975;"BOSSON";"France";"Female";"0";"1";105318.93;"2013-10-29";"2016-09-12";"1975-12-12"
15062940;"TUN";"Germany";"Female";"0";"1";23476.92;"2019-03-23";"";"1968-08-05"
15063673;"CHENEY";"France";"Male";"0";"0";166526.13;"2019-01-14";"";"1995-05-30"
15064896;"ELLINGHAM";"Italy";"Male";"0";"1";42676.95;"2014-01-30";"2017-04-14";"1973-07-16"
15066889;"VANDERSLICE";"Germany";"Female";"1";"1";31436.76;"2013-10-30";"2016-10-18";"1981-11-26"
15068225;"";"";"";"";"";0.0;"2018-10-27";"2019-10-12";""
15069293;"VENDITTO";"Italy";"Male";"1";"0";168847.14;"2019-06-19";"";"1990-10-27"
15070762;"";"";"";"";"";0.0;"2013-08-09";"2015-03-09";""
15074298;"CUFFY";"Italy";"Female";"1";"0";169509.69;"2013-02-17";"2016-04-09";"1967-05-02"
15074653;"KEACH";"France";"Male";"1";"1";192299.03;"2013-02-19";"2014-06-02";"1965-12-20"
15075735;"MCCOLLEY";"Spain";"Female";"1";"1";120155.96;"2014-11-04";"2018-03-20";"1980-01-26"
15076543;"WYNNE";"Spain";"Male";"1";"1";37391.71;"2019-08-01";"";"1991-09-05"
15076799;"CARAWAY";"France";"Male";"1";"0";39583.37;"2012-11-05";"2016-04-15";"1971-12-03"
15079839;"FEURTADO";"France";"Female";"0";"1";132536.33;"2018-04-24";"2018-07-27";"1980-11-28"
15080591;"LEIFER";"Italy";"Male";"1";"0";91644.9;"2019-02-03";"";"1993-03-23"
15081069;"CAGNEY";"Spain";"Male";"1";"0";122342.93;"2013-04-15";"2015-02-22";"1995-03-21"
15082730;"SENEKER";"Germany";"Male";"1";"0";120071.16;"2012-10-05";"2013-11-12";"1979-06-08"
15090709;"DEFONCE";"Germany";"Male";"1";"1";107298.05;"2018-09-02";"";"1999-11-05"
15091287;"KOKKO";"Spain";"Female";"1";"0";62016.95;"2014-02-21";"2014-12-15";"1967-04-13"
15094098;"GLASSER";"Spain";"Male";"1";"0";42586.23;"2013-03-15";"2014-10-05";"1963-04-29"
15094407;"BALDELLI";"France";"Female";"0";"1";168341.82;"2013-10-09";"2016-10-31";"1978-02-21"
15096110;"STEMPLE";"Italy";"Female";"0";"0";138885.71;"2018-03-23";"";"1990-07-25"
15096725;"";"";"";"";"";0.0;"2013-03-03";"2015-04-29";""
15097723;"NIGHTINGALE";"Germany";"Male";"0";"1";39287.85;"2019-05-13";"";"1981-07-24"
15098380;"BARBARITO";"Spain";"Male";"1";"1";130158.97;"2019-03-01";"2019-08-09";"1986-03-29"
15098945;"DAIZ";"France";"Female";"0";"1";71798.72;"2018-03-04";"";"1972-09-06"
15102940;"LEIBY";"France";"Female";"1";"0";22527.82;"2013-12-29";"2017-12-05";"1962-03-28"
15103307;"PIGNATELLI";"Germany";"Female";"0";"1";23187.96;"2014-02-26";"2017-07-09";"1962-03-27"
15103801;"BASHOR";"Spain";"Male";"1";"1";88128.08;"2014-07-28";"2018-07-02";"1965-04-03"
15104210;"HAGA";"Spain";"Female";"1";"0";79783.29;"2013-02-18";"2015-07-02";"1970-08-19"
15105968;"MEELER";"Italy";"Female";"1";"1";49164.51;"2013-07-28";"2015-04-17";"1995-03-04"
15107783;"NEGBENEBOR";"Spain";"Female";"0";"1";32835.07;"2012-05-07";"2015-01-29";"1970-10-10"
15112314;"FASCI";"Spain";"Male";"0";"1";56055.39;"2013-07-11";"2014-11-29";"1962-05-15"
15114070;"RADAKER";"Italy";"Female";"0";"0";171316.4;"2019-03-29";"2019-11-15";"1967-11-22"
15115306;"RUTHERFORD";"Spain";"Female";"0";"0";157322.41;"2014-09-17";"2017-08-06";"1961-06-29"
15117867;"WILDERMUTH";"Spain";"Male";"0";"1";36125.96;"2013-04-21";"2013-10-13";"1953-10-07"
15119035;"ROZZELL";"Italy";"Female";"1";"1";0.0;"2014-08-15";"2015-06-30";"1981-11-28"
15120764;"ESMOND";"France";"Male";"1";"1";33946.12;"2013-12-01";"2016-06-17";"1974-09-18"
15121351;"CHISMAN";"Italy";"Female";"1";"0";198059.23;"2018-11-11";"2019-06-19";"1970-05-05"
15121811;"OLIVERIO";"Spain";"Male";"1";"1";14571.92;"2013-06-19";"2016-10-26";"1956-07-25"
15124848;"SIMONETTY";"Italy";"Male";"0";"0";66649.33;"2014-01-21";"2017-10-28";"1980-08-29"
15126672;"FITZSIMMONS";"Spain";"Male";"1";"0";156689.12;"2012-07-17";"2016-03-13";"1965-05-11"
15127932;"SONSTROEM";"Italy";"Male";"0";"0";46456.96;"2013-10-15";"2014-06-26";"1985-01-13"
15130083;"TREFTZ";"France";"Male";"0";"1";0.0;"2013-01-21";"2015-03-23";"1957-06-20"
15130886;"VIELMA";"Italy";"Female";"1";"0";139137.27;"2013-07-08";"2017-01-09";"1972-09-20"
15131336;"";"";"";"";"";0.0;"2012-06-12";"2015-03-20";""
15136863;"TEALL";"Italy";"Female";"1";"0";124307.88;"2018-01-18";"";"1982-04-03"
15143390;"SCHOENLEBER";"Germany";"Male";"0";"0";203613.8;"2012-05-13";"2016-02-23";"1985-12-24"
15143654;"KET";"France";"Male";"1";"1";223073.02;"2013-10-26";"2014-09-26";"1945-02-16"
15143719;"MADNICK";"Italy";"Male";"1";"1";146877.37;"2014-11-30";"2016-01-13";"1964-12-22"
15145659;"";"";"";"";"";0.0;"2013-11-30";"2015-12-09";""
15145958;"ELLINGER";"Germany";"Female";"0";"1";91984.72;"2014-12-01";"2018-07-29";"1973-09-04"
15146549;"WIEGARD";"Italy";"Male";"1";"1";60630.7;"2014-06-03";"2017-05-21";"1969-10-06"
15148043;"SKEVOFILAKAS";"France";"Male";"1";"1";127843.97;"2014-07-23";"2016-01-30";"1976-04-08"
15148621;"HOLMAN";"Spain";"Female";"0";"1";18191.66;"2013-04-29";"2017-04-08";"1976-08-14"
15148874;"VIZCARRA";"Spain";"Female";"1";"0";0.0;"2012-09-14";"2016-02-27";"1960-04-13"
15149907;"DETTORRE";"Spain";"Male";"1";"0";111625.82;"2019-08-01";"";"1989-05-10"
15160116;"MOTEN";"Spain";"Female";"1";"1";0.0;"2013-03-16";"2015-11-30";"1995-02-11"
15161967;"SAKODA";"Spain";"Male";"0";"1";0.0;"2014-12-09";"2017-01-11";"1984-06-25"
15164774;"KLIPFEL";"France";"Female";"1";"0";69118.69;"2018-12-14";"";"1961-02-28"
15164837;"METCALFE";"France";"Male";"1";"1";1476.24;"2019-06-06";"";"1984-10-07"
15165134;"GITTO";"Italy";"Male";"0";"0";49478.61;"2018-06-14";"";"1983-10-11"
15165144;"FLAMING";"France";"Female";"1";"1";248729.97;"2013-03-25";"2017-01-11";"1972-01-27"
15165257;"KNAVEL";"France";"Male";"0";"1";39667.59;"2012-03-16";"2015-09-26";"1970-08-02"
15165393;"LABIANCA";"Spain";"Male";"1";"1";2612.65;"2018-02-22";"2019-06-11";"1974-07-11"
15166345;"ESCHENBACH";"Spain";"Male";"1";"0";99029.31;"2013-09-06";"2015-04-10";"1951-06-27"
15166406;"LEAVENWORTH";"France";"Male";"1";"0";61650.81;"2013-11-10";"2016-02-27";"1972-02-29"
15166500;"FOBBS";"Italy";"Male";"1";"1";39721.66;"2018-09-28";"";"1981-12-10"
15168635;"DYALS";"France";"Female";"0";"0";145706.73;"2013-05-01";"2014-05-31";"1960-10-31"
15169011;"IZZI";"Spain";"Male";"0";"0";116555.3;"2012-08-01";"2015-10-29";"1975-04-27"
15169682;"AKLEY";"France";"Male";"0";"1";8235.14;"2018-08-09";"";"1986-06-09"
15170502;"LANDRUM";"Italy";"Male";"0";"0";93179.2;"2018-05-15";"";"1968-03-25"
15171146;"GUGGENHEIM";"France";"Female";"1";"0";162396.31;"2018-06-19";"2018-12-16";"1990-09-18"
15172776;"SMEBY";"Italy";"Male";"0";"1";43807.29;"2018-11-30";"";"1974-01-09"
15175274;"REAGLE";"Italy";"Male";"1";"1";130591.13;"2014-06-28";"2014-11-20";"1985-05-19"
15175654;"LOCHEN";"Italy";"Male";"0";"0";146852.27;"2018-01-12";"2018-11-07";"1986-04-05"
15175709;"FEDALEN";"Germany";"Male";"1";"0";151966.49;"2013-03-23";"2015-02-10";"1977-09-30"
15176322;"SELLERS";"Spain";"Male";"0";"1";137130.76;"2012-11-28";"2016-09-30";"1980-10-31"
15178076;"MATKO";"Italy";"Female";"1";"1";75107.66;"2013-07-27";"2017-07-15";"1986-06-06"
15179597;"KORDIAK";"Germany";"Female";"0";"0";105293.87;"2018-10-06";"";"1969-12-09"
15181541;"DARNICK";"France";"Female";"0";"1";160119.44;"2018-08-07";"";"1972-05-11"
15181893;"MOAKE";"Spain";"Male";"0";"1";85565.98;"2018-06-03";"2019-06-03";"1979-12-07"
15182080;"ROLLEFSON";"Italy";"Male";"0";"1";118440.6;"2014-08-19";"2016-08-31";"1961-09-16"
15186082;"LOOSLE";"Spain";"Female";"0";"0";76327.16;"2014-06-23";"2018-02-12";"1980-07-12"
15189261;"LAFEVRE";"France";"Male";"1";"1";107466.68;"2013-03-11";"2013-11-25";"1975-10-30"
15198754;"COSLETT";"France";"Male";"0";"0";120870.99;"2018-04-13";"2018-08-04";"1985-09-12"
15199930;"CANUPP";"Germany";"Male";"0";"0";122861.9;"2013-06-13";"2015-01-21";"1966-01-18"
15202240;"MARRAPESE";"Italy";"Female";"0";"0";21770.75;"2018-05-15";"";"1986-10-12"
15203045;"KESS";"Italy";"Female";"0";"0";102577.71;"2018-09-11";"";"1983-02-16"
15203612;"SIMILIEN";"Spain";"Female";"1";"1";7978.64;"2018-08-19";"";"1981-02-06"
15204192;"GONNERMAN";"Spain";"Male";"0";"0";62612.83;"2013-07-28";"2014-11-18";"1974-09-23"
15204602;"MARKO";"France";"Male";"0";"0";154151.58;"2012-04-19";"2015-12-11";"1958-11-12"
15206451;"RINCONES";"Germany";"Female";"1";"1";225358.3;"2012-05-18";"2015-09-01";"1990-03-12"
15207595;"";"";"";"";"";0.0;"2018-10-15";"";""
15211587;"DELETTRE";"Spain";"Female";"1";"1";2155.47;"2019-06-22";"";"1971-04-10"
15213169;"VOLINSKY";"Germany";"Male";"0";"1";74348.06;"2012-05-03";"2016-04-04";"1964-11-16"
15213939;"THAIN";"Italy";"Male";"1";"0";160001.94;"2012-04-13";"2012-07-19";"1965-03-08"
15214047;"CONNERY";"France";"Female";"1";"0";135246.9;"2012-10-25";"2015-11-25";"1972-05-12"
15214706;"";"";"";"";"";0.0;"2019-10-04";"";""
15215455;"PEETERS";"Italy";"Female";"0";"1";80895.73;"2019-05-16";"";"1999-10-14"
15215571;"XIMENEZ";"Germany";"Male";"0";"1";91355.99;"2013-09-07";"2016-04-28";"1993-03-22"
15219000;"TRAUTWEIN";"Spain";"Male";"1";"0";83819.19;"2018-03-13";"";"1982-10-05"
15221205;"DIMARZIO";"Germany";"Male";"0";"1";90608.58;"2013-09-19";"2014-01-31";"1976-05-03"
15228566;"";"";"";"";"";0.0;"2012-12-19";"2014-08-22";""
15228580;"PASKERT";"France";"Female";"1";"1";137480.0;"2018-08-06";"";"1962-04-27"
15228959;"BUTCHEE";"France";"Male";"0";"1";246312.5;"2014-03-02";"2018-02-22";"1966-08-20"
15232024;"TSUNODA";"France";"Male";"1";"1";120142.08;"2012-04-28";"2014-07-01";"1965-02-14"
15234272;"PROM";"Spain";"Male";"1";"1";12607.07;"2013-10-26";"2017-09-06";"1976-09-16"
15236136;"STOHLER";"Germany";"Male";"0";"1";150972.14;"2014-03-04";"2017-05-07";"1978-07-16"
15236263;"KILE";"Germany";"Male";"0";"0";35462.04;"2018-10-02";"";"1974-05-19"
15236977;"BRAMER";"Germany";"Male";"0";"1";86699.93;"2019-01-11";"2019-09-25";"1982-12-04"
15237387;"DEVAUGHAN";"Spain";"Male";"1";"0";42229.06;"2018-08-06";"2019-11-01";"1985-08-24"
15237415;"RUBSAM";"Germany";"Male";"1";"1";130086.15;"2019-09-14";"";"1955-06-30"
15237795;"HUHMAN";"Germany";"Female";"1";"1";37464.29;"2018-04-02";"2019-06-21";"1991-02-14"
15242517;"GRIMS";"France";"Male";"0";"1";45392.12;"2017-12-22";"";"1993-11-21"
15242909;"KRAUSE";"Germany";"Female";"1";"1";81080.8;"2019-02-02";"2019-06-18";"1960-12-15"
15243147;"CULLAR";"France";"Male";"0";"1";0.0;"2018-03-28";"";"1972-05-26"
15243924;"";"";"";"";"";0.0;"2014-10-25";"2017-12-14";""
15246748;"HOEFEL";"Italy";"Male";"1";"0";84152.26;"2018-11-09";"";"1994-08-14"
15247655;"FORTUNATO";"Spain";"Male";"1";"0";45379.12;"2013-02-01";"2014-05-23";"1981-07-14"
15249782;"SCHARFENBERG";"Italy";"Female";"0";"1";68431.19;"2014-08-26";"2016-10-29";"1971-03-10"
15250574;"";"";"";"";"";0.0;"2013-02-17";"2015-01-27";""
15253288;"YEPES";"Germany";"Female";"1";"1";66676.43;"2013-06-03";"2016-05-13";"1987-10-22"
15253312;"DAGER";"Germany";"Male";"1";"1";113189.13;"2014-12-22";"2016-02-12";"1996-11-11"
15255360;"GONZALOS";"Spain";"Male";"0";"1";90423.91;"2013-05-02";"2014-05-02";"1970-02-08"
15257007;"STUDLEY";"Spain";"Male";"0";"1";138848.85;"2019-11-08";"";"1980-12-02"
15259858;"AXELRAD";"Spain";"Male";"1";"1";195610.34;"2018-09-04";"";"1980-08-13"
15261844;"WITTY";"Spain";"Female";"1";"0";181954.29;"2012-11-27";"2014-09-11";"1982-11-05"
15265493;"CONTRERRAS";"Germany";"Female";"0";"0";73170.06;"2012-04-09";"2013-01-23";"1983-12-06"
15265986;"ERLANDSON";"Spain";"Male";"0";"1";139125.8;"2013-03-10";"2014-03-18";"1962-09-01"
15266196;"SLODYSKO";"Germany";"Female";"0";"1";134385.05;"2013-08-17";"2014-02-08";"1962-09-29"
15266659;"ESTACION";"Spain";"Female";"1";"0";57326.05;"2019-06-16";"";"1981-10-28"
15272348;"GACKE";"France";"Female";"1";"1";72834.62;"2014-07-14";"2018-01-25";"1968-09-16"
15273835;"BOLF";"France";"Female";"0";"0";158117.52;"2018-03-13";"";"1969-11-22"
15274858;"MCKENIZE";"France";"Female";"0";"0";102860.77;"2012-11-14";"2016-09-02";"1969-10-09"
15274983;"RONIN";"Germany";"Female";"1";"0";77517.02;"2012-05-01";"2013-08-12";"1967-08-13"
15276379;"PEFFERS";"Spain";"Female";"0";"1";30632.31;"2013-11-11";"2016-06-14";"1959-06-14"
15277049;"ARVESEN";"Germany";"Female";"1";"0";125623.42;"2018-12-07";"";"1968-08-18"
15277436;"CAMERENA";"Italy";"Female";"1";"1";42492.69;"2018-12-08";"";"2000-07-28"
15279524;"PERRILL";"Italy";"Male";"0";"1";78112.15;"2014-02-07";"2014-11-26";"1972-12-18"
15281719;"TOUSSAINT";"Germany";"Male";"1";"1";103775.84;"2014-05-09";"2015-06-06";"1960-03-10"
15282387;"STICKER";"Germany";"Female";"0";"0";170482.92;"2012-08-31";"2014-06-16";"1965-01-07"
15283550;"LOVORN";"France";"Male";"0";"1";66595.5;"2014-03-29";"2016-07-03";"1971-05-15"
15285207;"DEFEO";"Italy";"Female";"1";"0";144075.31;"2019-02-27";"";"1981-11-03"
15285847;"KEBEDE";"Italy";"Male";"1";"0";81207.89;"2013-05-27";"2014-08-08";"1983-02-07"
15286268;"TATARIS";"Spain";"Female";"0";"1";102553.94;"2013-04-10";"2014-02-28";"1994-08-30"
15288895;"VENZEIO";"Italy";"Female";"0";"1";82548.79;"2012-02-15";"2013-11-15";"1973-11-03"
15289666;"NAHRWOLD";"Spain";"Male";"1";"1";135867.56;"2019-05-22";"";"1977-10-31"
15296514;"KIPPLE";"Italy";"Female";"1";"0";132697.0;"2012-11-09";"2014-04-18";"1968-02-17"
15296717;"WENDLING";"Italy";"Male";"1";"0";191089.79;"2018-11-10";"";"1966-10-22"
15300679;"GWALTHNEY";"France";"Female";"0";"0";114310.17;"2014-02-01";"2014-12-22";"1974-09-02"
15303687;"BROUK";"Germany";"Female";"1";"1";7702.2;"2012-03-14";"2013-05-14";"1979-11-26"
15304566;"SMIT";"Germany";"Male";"0";"1";87872.53;"2012-05-25";"2013-06-25";"1955-08-24"
15304785;"STAVINOHA";"Spain";"Female";"1";"1";132174.48;"2013-12-21";"2016-10-06";"1976-08-12"
15307801;"RATACZAK";"Germany";"Female";"1";"0";210463.92;"2012-07-17";"2015-06-28";"1965-08-12"
15312811;"NEUHOFF";"Italy";"Male";"0";"0";103033.98;"2018-09-11";"";"1981-05-25"
15313472;"SUMMEROUR";"Germany";"Male";"0";"0";60269.82;"2019-09-12";"";"1965-06-26"
15313679;"";"";"";"";"";0.0;"2012-11-07";"2015-05-13";""
15315329;"EXNER";"France";"Male";"0";"0";109594.46;"2019-09-26";"";"1978-12-17"
15315354;"PILANT";"France";"Female";"1";"1";153084.53;"2019-11-29";"";"1979-06-03"
15316345;"FICEK";"France";"Female";"1";"1";110494.32;"2013-11-26";"2017-03-07";"1992-10-09"
15317377;"TEETER";"France";"Female";"1";"0";69144.35;"2019-08-18";"";"1968-01-27"
15317434;"MARANDO";"Italy";"Male";"0";"1";103985.64;"2018-09-15";"";"1986-12-11"
15317989;"BIELIK";"France";"Female";"1";"0";85664.81;"2013-08-29";"2017-06-11";"1968-06-03"
15319580;"CHAMPOUX";"France";"Female";"1";"0";78035.54;"2014-03-07";"2014-06-07";"1963-08-08"
15320174;"TINDAL";"Italy";"Male";"0";"0";171030.05;"2013-01-03";"2016-08-23";"1961-05-03"
15322525;"CZAPSKI";"France";"Female";"0";"1";103524.41;"2013-06-10";"2014-06-11";"1990-01-15"
15322918;"HARTILL";"France";"Female";"1";"0";30889.49;"2012-03-01";"2014-09-30";"1974-11-14"
15325343;"";"";"";"";"";0.0;"2018-11-16";"";""
15325968;"HARLE";"France";"Male";"0";"1";46179.81;"2014-09-27";"2018-06-15";"1992-05-02"
15325976;"ARQUETTE";"France";"Male";"1";"1";34591.8;"2019-03-15";"2019-07-20";"1974-01-05"
15326082;"BASKAS";"Germany";"Male";"0";"1";64641.63;"2012-01-24";"2013-07-16";"1955-08-19"
15326913;"HAROUFF";"Spain";"Female";"1";"1";167266.37;"2018-08-10";"";"1965-06-03"
15328766;"LEVEY";"Spain";"Male";"0";"0";42524.67;"2012-12-01";"2013-05-28";"1985-08-07"
15329439;"WHITSETT";"Spain";"Male";"0";"0";180535.48;"2017-12-14";"2019-11-27";"1980-10-02"
15330047;"SUMNERS";"Germany";"Male";"1";"1";52029.06;"2012-05-28";"2015-11-04";"1944-07-17"
15330232;"CLAGGETT";"Germany";"Female";"1";"1";111100.56;"2013-08-24";"2014-06-14";"1962-01-25"
15333999;"EXTON";"Italy";"Female";"0";"0";22317.5;"2012-12-09";"2014-12-13";"1986-11-06"
15335182;"DEICHMANN";"Germany";"Male";"1";"1";176186.96;"2013-02-18";"2013-08-17";"1978-06-25"
15335867;"GUIDETTI";"Italy";"Female";"1";"0";2439.79;"2018-08-07";"";"1996-01-27"
15336307;"SCHLOOP";"Germany";"Male";"0";"1";115255.2;"2019-09-30";"";"1993-05-07"
15336369;"HORWATH";"France";"Male";"1";"0";129609.47;"2013-05-28";"2016-06-12";"1983-05-01"
15336903;"BARTHOLOMEW";"Italy";"Female";"1";"0";13237.81;"2012-10-25";"2015-01-24";"1969-04-24"
15338801;"MATHERN";"Germany";"Female";"1";"0";67928.74;"2013-11-10";"2017-01-24";"1972-01-03"
15339297;"FRECHETTE";"Spain";"Female";"1";"1";33287.78;"2013-02-07";"2014-12-27";"1992-11-01"
15344458;"LINGLE";"Germany";"Male";"1";"0";2513.7;"2013-04-08";"2016-04-23";"1978-05-19"
15345770;"MCCLAMY";"Italy";"Female";"1";"0";84262.85;"2017-12-07";"2019-02-01";"1987-07-03"
15346199;"";"";"";"";"";0.0;"2018-11-07";"";""
15348873;"SHEHAB";"Spain";"Male";"0";"1";52380.9;"2014-08-16";"2014-12-27";"1971-05-30"
15349245;"CRAMPTON";"Italy";"Male";"0";"0";53408.63;"2012-01-02";"2012-10-07";"1993-05-26"
15356461;"MAFFEI";"France";"Male";"1";"1";97337.43;"2014-02-08";"2017-06-17";"1990-05-13"
15358325;"";"";"";"";"";0.0;"2013-09-15";"2015-10-30";""
15359021;"GEMBLER";"Spain";"Female";"1";"1";221684.17;"2012-07-25";"2013-06-26";"1980-12-10"
15359427;"AGGARWAL";"France";"Male";"1";"0";93408.37;"2017-12-29";"";"1975-08-06"
15361104;"MCKETHAN";"Germany";"Female";"0";"1";22919.73;"2014-12-19";"2017-12-30";"1979-01-12"
15362757;"PEEPLES";"Spain";"Female";"1";"0";144951.69;"2014-05-14";"2016-06-11";"1973-10-09"
15363988;"HAMBRICK";"Italy";"Male";"1";"0";88712.26;"2018-04-03";"";"1994-09-22"
15365300;"BOTEILHO";"Italy";"Female";"1";"1";233209.21;"2018-11-08";"";"1973-12-24"
15365397;"FILAK";"Italy";"Female";"0";"0";138372.31;"2018-12-02";"2019-09-24";"1972-10-06"
15365443;"EBERLE";"Italy";"Male";"1";"0";35521.28;"2014-01-26";"2015-12-04";"1972-12-21"
15366289;"NOLLORA";"Spain";"Male";"1";"1";145514.31;"2018-04-16";"";"1984-09-20"
15366798;"LIVEZEY";"Italy";"Female";"1";"1";0.0;"2014-02-25";"2015-03-30";"1983-09-12"
15369790;"STARKMAN";"France";"Male";"1";"1";41233.26;"2014-12-05";"2016-10-07";"1972-05-11"
15370699;"LAUBSCHER";"France";"Female";"1";"0";153603.76;"2012-04-05";"2013-02-12";"1975-10-06"
15371234;"SCHWEINFURTH";"Italy";"Female";"1";"0";90793.42;"2014-07-26";"2016-10-23";"1988-01-16"
15371481;"CALLNAN";"France";"Male";"1";"0";130101.84;"2014-07-07";"2016-01-13";"1967-05-01"
15372345;"HUFFSTICKLER";"France";"Female";"1";"1";193394.32;"2012-09-28";"2016-09-22";"1969-06-09"
15374457;"UEDA";"Italy";"Female";"1";"1";44732.19;"2013-08-07";"2016-11-07";"1972-09-19"
15375241;"WOMMACK";"France";"Male";"1";"1";111056.93;"2017-12-09";"";"1994-12-28"
15376513;"LOUIS";"Italy";"Male";"0";"0";194326.14;"2014-02-06";"2015-03-08";"1973-10-29"
15376721;"GRUSTAS";"Germany";"Female";"0";"1";167152.31;"2014-04-01";"2016-12-27";"1977-11-18"
15377008;"VENZON";"France";"Female";"0";"0";147106.92;"2014-06-24";"2015-09-17";"1974-10-23"
15377544;"";"";"";"";"";0.0;"2019-06-07";"";""
15378464;"YATES";"Italy";"Female";"0";"1";100343.63;"2014-02-04";"2016-07-31";"1981-01-02"
15378502;"TREON";"France";"Male";"0";"1";111667.75;"2013-11-27";"2016-01-26";"1964-03-11"
15379336;"GHERA";"Spain";"Male";"0";"0";109355.2;"2012-08-24";"2015-07-31";"1976-09-30"
15379521;"WOJTECKI";"Spain";"Male";"0";"1";134026.87;"2013-04-25";"2016-07-08";"1962-02-07"
15379966;"GIHRING";"Germany";"Male";"1";"0";178821.83;"2018-05-29";"";"1999-10-31"
15380008;"INGA";"France";"Female";"1";"1";105430.53;"2012-03-12";"2014-02-06";"1991-05-24"
15383422;"BRADHAM";"France";"Female";"0";"1";23762.89;"2019-07-23";"";"1977-11-21"
15385330;"KAVANAGH";"Germany";"Male";"1";"1";68305.72;"2019-04-21";"";"1996-09-30"
15386832;"ELLERMAN";"France";"Male";"0";"1";108418.55;"2014-08-28";"2017-05-13";"1947-04-17"
15388375;"KENDREW";"Italy";"Male";"1";"0";107653.08;"2012-06-10";"2014-09-04";"1978-11-10"
15388494;"RUMPS";"Italy";"Female";"1";"1";88788.14;"2013-04-22";"2015-03-05";"1960-11-17"
15389802;"WILCUT";"Germany";"Female";"1";"0";62194.01;"2013-01-09";"2013-04-12";"1965-03-21"
15390001;"WEAKLEY";"Italy";"Male";"1";"0";17518.46;"2019-01-22";"";"1977-10-01"
15392571;"BOHNSACK";"Spain";"Female";"0";"1";103696.44;"2014-03-02";"2018-02-05";"1969-01-11"
15392860;"SILLAS";"Spain";"Male";"0";"1";56178.96;"2012-08-27";"2013-08-11";"1967-10-19"
15393834;"KRZYKOWSKI";"Italy";"Male";"0";"1";142758.43;"2018-01-18";"2019-10-29";"1990-09-13"
15394080;"LUEDER";"Spain";"Female";"1";"0";101112.98;"2013-09-27";"2014-01-24";"1976-10-21"
15395150;"TONTI";"France";"Male";"1";"1";96325.68;"2019-07-24";"";"1994-10-30"
15397017;"";"Spain";"Male";"1";"0";131431.09;"2018-09-19";"";"1972-01-27"
15398020;"VANDERVEER";"Spain";"Female";"0";"1";96945.16;"2018-03-02";"2019-03-03";"1977-04-13"
15405272;"BUNGER";"Germany";"Female";"1";"1";52288.92;"2019-11-17";"";"1978-08-24"
15406990;"JUGAN";"Spain";"Male";"0";"0";124009.02;"2012-11-29";"2016-01-08";"1973-08-03"
15408248;"HOHLFELD";"France";"Female";"1";"1";48847.16;"2012-09-28";"2015-03-12";"1981-04-17"
15412985;"DESCHNER";"Germany";"Male";"0";"0";122917.21;"2012-05-24";"2016-03-17";"1975-10-17"
15413260;"ORNEDO";"Italy";"Male";"0";"1";33352.23;"2019-01-22";"";"1965-04-07"
15413336;"WITOSKY";"Germany";"Female";"1";"0";187310.29;"2018-10-03";"2019-01-19";"1998-04-13"
15413425;"PATILLO";"Germany";"Female";"0";"1";30963.13;"2014-10-16";"2015-10-05";"1968-05-24"
15418854;"ESCORCIA";"France";"Female";"0";"1";100708.08;"2018-01-16";"";"1981-03-18"
15419484;"TUTOKY";"France";"Male";"1";"1";15094.02;"2013-02-13";"2013-10-21";"1989-12-20"
15421483;"MONTROY";"Germany";"Female";"1";"0";40949.89;"2019-05-28";"";"1973-10-19"
15422290;"HERMOSILLO";"Germany";"Male";"0";"0";139422.49;"2013-12-19";"2014-04-01";"1973-04-15"
15422644;"STIELY";"Germany";"Female";"0";"1";69381.61;"2013-03-11";"2015-05-27";"1975-01-15"
15424023;"ROTCHFORD";"Spain";"Female";"0";"0";113766.38;"2012-08-28";"2015-12-04";"1983-06-17"
15425395;"CERNY";"France";"Female";"1";"0";140102.38;"2019-05-12";"";"1982-01-06"
15427368;"LYNNE";"France";"Female";"1";"1";16111.74;"2014-08-28";"2018-01-31";"1974-02-06"
15427702;"RONCA";"Spain";"Male";"1";"1";192934.63;"2014-12-10";"2018-07-30";"1984-04-05"
15428513;"CORPENING";"Italy";"Female";"0";"1";132383.21;"2013-05-22";"2015-08-05";"1968-10-05"
15431704;"TERRA";"Italy";"Female";"1";"0";104231.09;"2013-01-17";"2016-05-08";"1979-07-28"
15433255;"TOTH";"Italy";"Male";"0";"0";82764.47;"2012-11-02";"2015-08-31";"1970-04-03"
15434700;"STIMMELL";"Germany";"Male";"1";"0";138615.32;"2018-06-06";"";"1994-07-22"
15436166;"SHELLER";"France";"Male";"1";"0";53454.86;"2018-05-01";"";"1974-10-08"
15442643;"MELTZ";"Spain";"Female";"1";"0";128626.59;"2012-03-25";"2012-09-15";"1962-07-18"
15449628;"DITZEL";"Italy";"Female";"0";"0";77523.88;"2014-08-08";"2017-06-05";"1972-07-09"
15449869;"";"";"";"";"";0.0;"2018-03-04";"";""
15452120;"TREINE";"France";"Male";"1";"1";106266.72;"2019-01-22";"";"1980-06-14"
15455155;"ALLISTON";"Spain";"Male";"1";"0";99500.66;"2019-11-14";"";"1980-06-13"
15456658;"MIRABAL";"Spain";"Male";"0";"0";49852.84;"2012-12-19";"2013-05-15";"1975-10-14"
15457258;"AST";"France";"Female";"1";"0";136384.39;"2018-05-08";"";"1957-01-28"
15458113;"BACCO";"Germany";"Female";"1";"0";105962.23;"2014-08-20";"2018-06-16";"1967-01-02"
15458938;"MATSUKI";"Germany";"Male";"1";"0";107206.4;"2012-08-22";"2013-01-09";"1963-09-20"
15459890;"COMP";"France";"Female";"0";"0";76165.89;"2014-09-20";"2015-09-23";"1968-01-26"
15461780;"CAWEIN";"France";"Male";"1";"0";125694.39;"2013-10-08";"2017-07-17";"1983-02-27"
15468072;"COMPARONI";"Italy";"Female";"0";"0";193258.46;"2013-04-12";"2013-10-27";"1984-06-01"
15468988;"DELMASTRO";"France";"Male";"1";"1";101561.08;"2012-09-03";"2016-05-09";"1987-02-27"
15471685;"GAPP";"Italy";"Male";"0";"0";26030.91;"2013-05-28";"2017-01-30";"1988-10-24"
15473351;"DECASANOVA";"France";"Female";"0";"0";100151.39;"2013-03-29";"2016-10-06";"1972-01-24"
15473941;"IOZZI";"Germany";"Female";"1";"0";150526.98;"2012-10-17";"2016-01-30";"1958-08-30"
15474823;"RACITANO";"Germany";"Female";"1";"0";75314.34;"2012-05-15";"2014-10-20";"1959-06-25"
15474948;"FAULKNEN";"Spain";"Male";"1";"0";60349.12;"2018-04-22";"";"1994-02-09"
15475076;"KIESEWETTER";"France";"Female";"1";"1";35571.71;"2013-03-11";"2015-05-28";"1989-09-01"
15476938;"KETCHEN";"Spain";"Male";"1";"1";151751.62;"2019-09-07";"";"1978-07-26"
15477809;"NUHN";"Spain";"Male";"1";"0";36182.35;"2014-02-25";"2017-03-29";"1975-07-18"
15478766;"GOSSO";"France";"Female";"1";"1";120422.22;"2013-10-12";"2016-06-14";"1977-06-10"
15480837;"VERKUILEN";"France";"Female";"0";"0";55857.2;"2014-09-06";"2018-01-13";"1986-01-13"
15481149;"ALLNUTT";"France";"Female";"0";"1";176791.09;"2013-09-19";"2015-12-02";"1979-10-07"
15482936;"CASSELBERRY";"Italy";"Female";"0";"1";107800.2;"2018-01-04";"";"1981-11-27"
15483411;"MOTSINGER";"Germany";"Male";"0";"1";4228.97;"2014-02-01";"2017-07-12";"1979-09-28"
15486561;"SPINN";"France";"Male";"0";"0";151676.41;"2019-11-15";"";"1974-09-20"
15486747;"LUFT";"Germany";"Male";"0";"0";132823.22;"2019-03-04";"";"2000-06-06"
15487371;"";"";"";"";"";0.0;"2019-10-08";"";""
15487641;"EOVALDI";"France";"Female";"0";"1";71444.85;"2014-11-23";"2015-04-03";"1970-12-10"
15487871;"KRYSTAL";"Italy";"Female";"1";"0";67644.19;"2018-03-14";"2018-12-13";"1971-01-11"
15489806;"BORCHER";"Germany";"Male";"1";"0";71572.13;"2013-05-05";"2015-10-19";"1969-01-10"
15496045;"DARSI";"Italy";"Male";"0";"1";123928.81;"2017-12-28";"2019-10-25";"1968-10-27"
15496991;"COOLMAN";"Italy";"Female";"0";"0";55324.71;"2012-01-22";"2014-07-10";"1971-06-20"
15498139;"SPAGNA";"Germany";"Male";"1";"1";76616.24;"2018-08-31";"";"1977-04-24"
15499283;"REAGAN";"Spain";"Female";"0";"1";52339.73;"2013-12-06";"2016-01-28";"1960-10-21"
15502141;"CASABONA";"Italy";"Female";"1";"0";135663.58;"2012-05-14";"2015-08-29";"1957-09-05"
15502437;"GRINDSTAFF";"Germany";"Male";"1";"1";204919.59;"2012-12-02";"2016-02-09";"1980-07-26"
15502853;"LEERAR";"France";"Male";"0";"0";209654.15;"2018-05-07";"";"1970-01-29"
15503180;"SINNOTT";"Germany";"Female";"1";"0";104673.21;"2017-12-19";"";"1968-03-09"
15506516;"ZLATEN";"Germany";"Female";"1";"0";162008.9;"2018-01-06";"2018-10-24";"1960-04-22"
15506684;"SISTA";"Germany";"Male";"0";"1";83709.57;"2013-12-15";"2017-01-14";"1978-11-04"
15511180;"AMOSS";"Italy";"Female";"0";"0";120487.11;"2014-02-09";"2016-01-17";"1986-12-31"
15511727;"HAKER";"France";"Male";"1";"1";94390.59;"2019-03-03";"";"1957-12-13"
15514960;"SEIDLER";"Germany";"Male";"0";"0";220937.22;"2013-09-26";"2014-08-16";"1992-07-28"
15515023;"MCLELAND";"Germany";"Female";"0";"1";54561.84;"2019-05-31";"";"1986-01-24"
15515377;"";"";"";"";"";0.0;"2014-04-16";"2015-08-08";""
15516635;"BALSLEY";"France";"Male";"0";"1";61440.59;"2013-09-19";"2015-06-22";"1992-12-28"
15516997;"KALBERER";"Italy";"Male";"1";"0";51564.41;"2012-09-23";"2016-01-19";"1970-07-23"
15517111;"GONZOLES";"Germany";"Male";"1";"0";198753.58;"2018-01-08";"";"1967-08-26"
15518261;"ESSIX";"Germany";"Female";"0";"1";9342.23;"2013-08-02";"2014-01-13";"1982-12-08"
15519139;"DETERS";"Germany";"Female";"0";"1";91096.99;"2013-04-06";"2016-12-14";"1980-09-11"
15519222;"GZYM";"France";"Male";"0";"1";198812.46;"2013-03-15";"2015-11-04";"1974-02-19"
15519284;"SPITZER";"Germany";"Male";"0";"1";105872.41;"2019-11-15";"";"1987-10-27"
15520003;"BAJWA";"Italy";"Male";"1";"1";108093.15;"2012-12-27";"2013-05-30";"1984-11-21"
15526411;"SILAGO";"France";"Male";"0";"1";10334.78;"2013-10-20";"2015-05-18";"1965-12-18"
15526433;"TERNULLO";"Germany";"Male";"1";"0";101574.07;"2012-06-26";"2013-11-07";"1976-02-24"
15527190;"VIDLER";"Italy";"Male";"0";"1";124427.13;"2013-08-07";"2014-06-18";"1975-02-22"
15527199;"STRINGFIELD";"Germany";"Female";"1";"1";78093.4;"2013-04-21";"2016-01-04";"1975-01-24"
15528567;"GORBEA";"Spain";"Female";"1";"1";253177.47;"2018-05-21";"";"1983-06-26"
15529860;"LAMON";"Spain";"Female";"0";"0";146623.5;"2014-09-17";"2016-03-31";"1979-02-24"
15532510;"GUTT";"France";"Male";"0";"0";141747.35;"2014-09-24";"2016-05-02";"1962-02-03"
15532593;"EICHNER";"Germany";"Female";"1";"1";95099.7;"2013-09-07";"2015-01-21";"1988-03-30"
15535518;"YELDELL";"Italy";"Male";"0";"0";272214.21;"2018-04-01";"";"1976-05-12"
15537422;"UTZ";"Germany";"Female";"0";"0";150072.16;"2018-09-29";"";"1992-04-19"
15537628;"";"";"";"";"";0.0;"2019-11-27";"";""
15538467;"ROHWEDER";"Germany";"Male";"0";"0";116982.22;"2018-09-08";"";"1982-06-19"
15539752;"BRANYON";"France";"Male";"0";"0";23956.91;"2013-01-07";"2013-08-09";"1987-10-04"
15542313;"TIANO";"Italy";"Male";"1";"0";0.0;"2019-04-02";"";"1972-05-27"
15544967;"CHIEFFO";"Germany";"Female";"0";"0";74633.09;"2019-02-03";"2019-06-06";"1969-12-28"
15545519;"TICK";"Spain";"Female";"0";"0";125506.08;"2013-10-17";"2014-03-12";"1969-05-13"
15545870;"KREISS";"Germany";"Female";"0";"0";204346.36;"2019-06-21";"";"1980-12-06"
15549573;"WEISBECKER";"Spain";"Female";"0";"1";56368.09;"2014-09-24";"2015-09-08";"1990-12-10"
15549600;"KLATT";"France";"Male";"0";"1";58416.19;"2019-11-26";"";"1988-04-24"
15550902;"GRILLO";"Germany";"Male";"0";"0";137861.06;"2012-11-15";"2016-11-05";"1961-02-28"
15552682;"";"Italy";"";"";"";0.0;"2018-05-14";"";""
15556051;"SEQUIN";"France";"Male";"1";"1";75238.31;"2019-08-19";"";"1993-04-11"
15556601;"WISSEH";"France";"Male";"0";"0";66968.0;"2013-07-26";"2017-01-12";"1974-10-08"
15556702;"ARMEL";"France";"Female";"1";"0";133220.3;"2018-04-13";"2018-10-03";"1992-07-13"
15557552;"GITZEN";"Spain";"Male";"0";"0";48888.73;"2014-07-01";"2018-03-29";"1975-11-17"
15559020;"QUAGLIATO";"Germany";"Female";"1";"1";99653.81;"2012-01-10";"2014-03-27";"1970-04-12"
15560508;"KOZICKI";"Spain";"Male";"0";"0";98557.84;"2019-08-21";"";"2000-01-29"
15561150;"GERVELER";"France";"Female";"1";"1";169120.74;"2012-08-29";"2015-10-26";"1982-12-03"
15561614;"BILTZ";"Spain";"Male";"1";"1";98499.28;"2014-07-19";"2017-04-15";"1962-09-23"
15561639;"EVANCHO";"Germany";"Female";"1";"0";97722.86;"2014-06-29";"2015-09-19";"1970-04-14"
15563049;"MAGAT";"Germany";"Female";"1";"1";29016.69;"2019-04-03";"";"1971-03-03"
15563797;"ZOLMAN";"Germany";"Male";"1";"1";170224.74;"2019-07-14";"";"1995-04-17"
15564891;"ZUCLICH";"Germany";"Female";"0";"0";43540.76;"2013-12-30";"2014-10-07";"1974-06-01"
15565507;"LAMMEL";"Germany";"Female";"0";"0";159944.78;"2013-09-16";"2017-02-10";"1994-08-09"
15567950;"NASSEF";"France";"Male";"1";"0";152629.24;"2013-02-01";"2015-01-04";"1978-02-19"
15568327;"HOLLNER";"Spain";"Female";"0";"1";87248.73;"2014-06-13";"2016-05-20";"1977-12-14"
15568989;"ANASTASIA";"Italy";"Female";"1";"1";49783.71;"2013-06-12";"2015-06-24";"1961-07-27"
15569142;"ARUJO";"Italy";"Male";"1";"0";132842.0;"2013-10-18";"2017-09-29";"1984-04-29"
15570369;"LARZELERE";"Germany";"Female";"0";"1";35374.42;"2018-12-22";"";"1972-01-20"
15570955;"DIROSA";"Italy";"Female";"1";"0";75562.3;"2012-01-07";"2015-12-17";"1986-09-14"
15571119;"NEWNESS";"France";"Female";"1";"1";115209.36;"2019-08-19";"";"1974-09-23"
15574975;"";"";"";"";"";0.0;"2014-06-19";"2016-05-03";""
15575270;"HAERR";"France";"Male";"0";"1";145587.58;"2013-09-29";"2016-05-24";"1993-05-19"
15577211;"PETTINATO";"Spain";"Female";"0";"1";111373.73;"2018-01-10";"";"1993-08-04"
15577745;"MCSHAW";"Germany";"Female";"0";"1";158364.07;"2012-12-01";"2014-01-26";"1987-10-12"
15577889;"YOCHUM";"France";"Male";"0";"1";110734.62;"2019-02-24";"";"1985-09-18"
15579636;"GALLESE";"Spain";"Male";"1";"0";99580.11;"2019-11-08";"";"1990-03-24"
15581890;"LOPARDO";"France";"Male";"1";"0";0.0;"2019-08-18";"";"1989-09-17"
15584139;"FLITCROFT";"Italy";"Male";"1";"0";135014.69;"2012-03-19";"2013-08-21";"1992-03-01"
15584882;"LAZANO";"France";"Female";"0";"1";12975.74;"2018-04-26";"";"1970-05-21"
15590719;"FELGER";"Italy";"Male";"0";"0";64977.27;"2014-03-05";"2015-10-22";"1965-12-17"
15594624;"TRUMPOWER";"France";"Male";"1";"1";126670.04;"2013-02-15";"2016-03-23";"1979-05-19"
15594720;"Scott";"Germany";"Female";"1";"1";189339.6;"2017-11-08";"";"1982-05-14"
15594794;"EHMER";"Germany";"Male";"0";"1";153891.93;"2012-08-27";"2013-08-23";"1977-11-15"
15596717;"VORHEES";"France";"Male";"0";"1";166559.71;"2018-09-03";"";"1980-05-03"
15598807;"ROSERO";"Germany";"Female";"0";"0";146290.65;"2013-12-04";"2017-02-17";"1980-09-19"
15599889;"PEDLAR";"Germany";"Male";"1";"0";74605.38;"2018-08-20";"2019-06-07";"1983-04-03"
15600639;"";"";"";"";"";0.0;"2013-09-12";"2016-09-18";""
15601078;"BARBERIS";"France";"Male";"1";"1";73383.04;"2019-04-18";"";"1979-12-21"
15601085;"MCGLAWN";"Spain";"Male";"1";"1";117725.67;"2019-01-26";"";"1997-03-13"
15602588;"TODOROFF";"Germany";"Male";"0";"1";80326.55;"2014-06-24";"2017-10-08";"1972-03-31"
15603740;"SLUSS";"France";"Male";"0";"0";0.0;"2013-06-10";"2017-04-11";"1992-08-01"
15603970;"MCCRANIE";"Spain";"Male";"1";"1";83134.87;"2013-08-27";"2014-08-12";"1984-09-23"
15606331;"OLORES";"France";"Female";"1";"0";86238.6;"2018-11-03";"";"1976-07-08"
15606983;"JUARIQUI";"Italy";"Male";"0";"0";115931.19;"2017-12-13";"";"1976-03-28"
15607226;"PEVETO";"Spain";"Female";"1";"0";189723.77;"2012-06-29";"2013-08-10";"1982-10-26"
15608324;"HARMEN";"Germany";"Female";"1";"1";117872.42;"2014-11-29";"2016-11-12";"1982-02-17"
15609501;"LEGEL";"France";"Male";"0";"0";1106.58;"2013-05-07";"2015-10-20";"1971-04-18"
15609886;"THRO";"Germany";"Male";"1";"0";161075.19;"2014-04-03";"2016-01-14";"1954-06-09"
15610711;"Eluemuno";"Germany";"Female";"0";"0";167673.37;"2017-03-05";"2019-11-27";"1976-10-21"
15612423;"POST";"Italy";"Female";"1";"1";0.0;"2013-07-05";"2014-10-05";"1963-04-28"
15613805;"KALATHAS";"France";"Male";"0";"0";47278.31;"2019-02-19";"";"1990-04-03"
15616351;"DUPES";"France";"Male";"0";"1";155549.37;"2014-12-16";"2015-12-22";"1957-05-18"
15616880;"WYAND";"France";"Female";"0";"0";212965.9;"2014-04-09";"2014-10-15";"1980-05-14"
15617192;"ROUDABUSH";"Spain";"Male";"1";"0";154975.6;"2018-07-21";"";"1976-04-08"
15619594;"VANLOAN";"Germany";"Female";"0";"1";175862.92;"2014-12-28";"2017-09-03";"1954-03-23"
15619905;"WEGER";"Spain";"Male";"1";"0";125503.91;"2018-07-06";"";"1996-08-29"
15621327;"GRULLON";"Germany";"Male";"0";"1";102036.25;"2018-12-23";"";"1961-01-10"
15622100;"BILKA";"Spain";"Female";"1";"1";62257.93;"2013-04-24";"2015-05-23";"1981-09-03"
15622390;"LOUGHNAN";"France";"Female";"1";"0";144728.23;"2013-09-13";"2015-07-25";"1968-10-18"
15622490;"MARSCHEL";"Italy";"Male";"0";"1";159420.16;"2014-07-15";"2016-02-05";"1980-11-08"
15629938;"YOUNG";"Spain";"Male";"1";"1";103162.4;"2013-01-04";"2016-12-22";"1982-05-02"
15629958;"SPINELLA";"Italy";"Male";"0";"0";83490.06;"2019-11-24";"";"1978-05-02"
15631250;"BARSOUM";"Italy";"Male";"1";"0";137615.31;"2018-06-21";"";"1963-09-05"
15634197;"";"";"";"";"";0.0;"2012-11-16";"2014-06-29";""
15636076;"GALSTAD";"France";"Male";"1";"1";47371.91;"2018-11-10";"";"1976-07-03"
15637510;"NEVUE";"Italy";"Male";"0";"1";118210.62;"2019-04-30";"";"1953-11-26"
15638124;"BRASHERS";"Italy";"Female";"0";"0";170661.45;"2018-02-23";"";"1983-01-13"
15639818;"ALLARD";"Italy";"Male";"1";"1";77146.44;"2012-08-25";"2016-08-02";"1984-11-01"
15643367;"POKOJ";"Germany";"Male";"1";"1";85015.94;"2012-08-11";"2013-10-26";"1974-06-30"
15645755;"POSCH";"Germany";"Male";"0";"1";45759.58;"2012-05-30";"2013-04-09";"1988-07-02"
15648882;"FARRELL";"Spain";"Male";"0";"0";104129.69;"2018-04-23";"2019-08-14";"1971-06-09"
15649650;"JOYAL";"France";"Male";"1";"0";134893.53;"2013-09-01";"2014-05-24";"1981-07-03"
15650565;"BAEZA";"France";"Male";"0";"0";111319.75;"2012-11-05";"2013-11-09";"1956-05-29"
15653735;"CLAMAN";"Spain";"Female";"1";"0";115847.29;"2012-07-03";"2014-04-15";"1989-03-03"
15654493;"SPAID";"Germany";"Female";"0";"1";56786.23;"2013-08-13";"2017-07-17";"1978-05-01"
15655050;"POULSEN";"France";"Female";"0";"1";163926.5;"2013-10-02";"2014-12-04";"1995-09-01"
15660590;"ARDINGER";"France";"Female";"1";"1";66080.03;"2013-06-02";"2016-12-28";"1992-07-07"
15665439;"FARE";"France";"Female";"0";"0";14661.67;"2013-05-24";"2017-01-12";"1985-02-12"
15665875;"BORRIGO";"Spain";"Male";"1";"1";198278.66;"2019-01-03";"";"1978-11-01"
15668911;"PFLEUGER";"France";"Male";"0";"1";111869.0;"2013-07-19";"2015-06-02";"1975-11-04"
15670378;"MARADE";"Germany";"Female";"0";"0";116453.36;"2018-04-01";"";"1948-11-27"
15670559;"HINDLEY";"Germany";"Male";"1";"1";132270.8;"2014-09-10";"2018-05-14";"1970-07-17"
15671867;"ORMSBY";"Spain";"Male";"1";"1";131992.08;"2019-03-05";"";"1982-10-27"
15671913;"RUEDIGER";"Germany";"Female";"1";"0";136312.33;"2013-10-01";"2014-06-03";"1976-01-11"
15673310;"HENKE";"France";"Male";"1";"1";199554.57;"2012-07-30";"2015-07-26";"1963-09-19"
15673378;"WRINKLE";"France";"Male";"1";"0";102748.35;"2013-02-26";"2015-09-12";"1978-04-28"
15673940;"HONES";"Spain";"Female";"0";"0";164777.71;"2013-10-14";"2016-12-20";"1988-03-07"
15677528;"HAMOR";"Italy";"Male";"0";"0";140174.86;"2019-07-03";"";"1983-01-31"
15683068;"SONSTROEM";"Italy";"Female";"0";"1";46496.04;"2014-06-17";"2017-12-02";"1995-11-18"
15684551;"COWBOY";"France";"Male";"1";"1";8239.88;"2012-04-04";"2015-03-03";"1962-07-12"
15684670;"BONENFANT";"Italy";"Male";"1";"1";207988.52;"2012-01-29";"2012-09-23";"1979-09-30"
15686157;"BARUS";"Germany";"Male";"0";"1";40234.05;"2014-10-27";"2017-11-09";"1977-08-06"
15688896;"DENG";"Germany";"Female";"1";"0";126920.54;"2012-12-15";"2014-11-29";"1980-06-15"
15691173;"BARSCHDOOR";"Italy";"Female";"0";"1";139627.79;"2018-03-17";"2019-03-22";"1970-02-11"
15691571;"GIRRES";"France";"Female";"1";"0";21025.86;"2014-04-14";"2016-04-10";"1983-08-22"
15692765;"SALVANT";"Italy";"Male";"0";"0";71364.15;"2018-07-19";"2018-12-05";"1982-09-04"
15693962;"";"";"";"";"";0.0;"2013-11-21";"2015-07-01";""
15696473;"REBUCK";"Spain";"Male";"0";"0";0.0;"2014-06-11";"2018-01-09";"1989-03-13"
15696619;"TATEM";"Spain";"Female";"1";"0";148843.17;"2012-12-03";"2015-10-15";"1980-03-31"
15697628;"EDMAN";"Italy";"Female";"1";"0";74943.01;"2019-11-23";"";"1981-02-24"
15701671;"HILLERY";"Germany";"Female";"1";"0";104134.79;"2019-11-28";"";"1979-10-05"
15702332;"SHERMAN";"Germany";"Male";"0";"0";162655.0;"2013-11-11";"2014-03-24";"1968-01-22"
15703092;"BREM";"Spain";"Male";"1";"0";135088.98;"2013-04-12";"2014-10-25";"1977-05-20"
15704758;"SHARMA";"Germany";"Female";"1";"1";69549.89;"2012-01-24";"2013-08-01";"1969-08-30"
15706552;"Odinakachukwu";"France";"Male";"0";"1";156731.91;"2016-02-15";"2019-10-02";"1979-09-09"
15707639;"OVERBO";"Spain";"Female";"1";"0";42429.73;"2013-10-07";"2016-02-26";"1988-10-24"
15707709;"RASULO";"France";"Male";"1";"1";74956.23;"2012-03-23";"2013-03-18";"1970-08-03"
15711123;"BRAZ";"France";"Male";"1";"1";131465.85;"2018-03-03";"";"1983-04-25"
15712196;"DEEB";"France";"Female";"1";"1";98584.98;"2018-04-25";"";"1986-03-03"
15713825;"OBRIAN";"Spain";"Female";"1";"1";0.0;"2014-12-28";"2016-08-04";"1974-01-25"
15713953;"WIESMAN";"France";"Female";"0";"0";148824.96;"2018-12-26";"";"1979-06-10"
15717140;"MOGAVERO";"Spain";"Female";"0";"1";36514.17;"2014-01-23";"2015-04-03";"1992-03-04"
15717965;"BONGARD";"Italy";"Male";"0";"0";57510.92;"2013-12-28";"2016-05-09";"1968-02-20"
15718119;"ROMAY";"France";"Male";"0";"1";88130.24;"2014-03-28";"2016-05-18";"1965-07-17"
15719726;"KLOPF";"Germany";"Male";"0";"0";190074.52;"2013-03-24";"2016-05-14";"1953-06-02"
15722380;"BOLDON";"Germany";"Female";"1";"0";19858.18;"2018-03-05";"";"1988-07-11"
15722823;"";"Italy";"";"";"";0.0;"2012-06-28";"2015-05-25";""
15723026;"GASMAN";"France";"Female";"0";"0";161819.49;"2018-07-25";"";"1953-09-01"
15723969;"WOODING";"Italy";"Male";"0";"0";86965.48;"2019-04-05";"";"1970-06-07"
15724464;"BIRKELAND";"Germany";"Male";"0";"1";169868.02;"2014-01-21";"2015-08-31";"1977-02-23"
15724808;"URBANY";"Italy";"Male";"0";"0";192754.43;"2014-03-26";"2015-12-20";"1979-01-15"
15724878;"MATTERA";"Germany";"Female";"1";"1";112080.43;"2019-01-30";"";"1982-11-01"
15726411;"CULLIP";"Italy";"Female";"0";"1";66012.48;"2012-10-12";"2016-03-09";"1977-11-13"
15726596;"LOVIE";"Italy";"Female";"0";"1";94937.54;"2014-04-24";"2015-03-19";"1964-09-20"
15727270;"MCLAREN";"France";"Female";"0";"1";0.0;"2014-09-13";"2015-06-19";"1968-10-13"
15728128;"CORPENING";"France";"Female";"1";"0";79577.61;"2018-12-15";"";"1993-01-29"
15733997;"HARDEL";"France";"Male";"1";"0";172596.97;"2014-09-06";"2017-05-08";"1967-06-03"
15734534;"DIFILIPPO";"Germany";"Male";"0";"0";66792.66;"2012-07-23";"2014-08-08";"1980-11-18"
15734772;"GROHOWSKI";"France";"Male";"1";"1";59082.34;"2014-10-14";"2017-07-06";"1986-08-16"
15734936;"HORMANN";"Italy";"Male";"1";"0";0.0;"2018-08-08";"";"1982-01-28"
15735182;"EGELAND";"France";"Male";"1";"1";27543.7;"2014-03-13";"2018-01-03";"1966-07-29"
15735468;"";"";"";"";"";0.0;"2013-07-19";"2016-02-01";""
15736152;"PAPPAN";"Germany";"Female";"1";"0";40523.95;"2012-02-06";"2013-02-17";"1970-02-28"
15736184;"COTNEY";"France";"Male";"0";"1";15572.72;"2013-05-11";"2015-02-18";"1988-10-23"
15736385;"MISTRETTA";"France";"Female";"0";"1";67065.44;"2014-07-24";"2015-01-19";"1968-04-13"
15736392;"HOGARTY";"Germany";"Female";"0";"1";60394.13;"2013-08-20";"2017-03-26";"1970-09-13"
15737099;"";"Italy";"";"";"";0.0;"2018-01-27";"";""
15737371;"DECOTEAU";"France";"Female";"1";"1";41634.25;"2019-09-17";"";"1975-04-17"
15738883;"MCMILLIAN";"France";"Female";"0";"0";76006.03;"2013-02-17";"2015-07-11";"1975-09-29"
15742710;"";"";"";"";"";0.0;"2013-09-17";"2014-05-03";""
15744353;"WEITH";"Germany";"Female";"1";"1";96804.52;"2013-03-26";"2014-02-25";"1968-12-26"
15744713;"DELVALLE";"Spain";"Male";"0";"0";105491.46;"2014-09-04";"2016-08-11";"1959-07-14"
15745584;"EIRLS";"Germany";"Female";"0";"1";0.0;"2018-12-14";"";"1997-09-18"
15746629;"KOBARA";"Italy";"Male";"1";"0";14754.01;"2018-09-02";"";"1994-09-29"
15748627;"HARVILLE";"Spain";"Female";"1";"0";40315.55;"2014-04-25";"2015-07-27";"1975-12-12"
15749312;"KOSCIELAK";"Germany";"Female";"1";"1";133604.2;"2012-02-04";"2013-08-29";"1977-03-18"
15750271;"FISGER";"France";"Female";"1";"1";118814.67;"2012-09-16";"2015-12-31";"1973-05-02"
15752092;"WEHRLY";"Spain";"Male";"1";"0";48547.22;"2012-06-23";"2016-06-20";"1961-12-19"
15753444;"MCCASTLE";"France";"Male";"0";"1";97577.65;"2014-06-20";"2016-12-14";"1978-01-18"
15753454;"WIECIECH";"Germany";"Female";"0";"1";61424.06;"2018-01-17";"2019-01-03";"1953-07-18"
15760196;"REDNER";"France";"Female";"0";"0";161859.34;"2013-12-07";"2014-12-11";"1967-06-14"
15760263;"RUDASILL";"France";"Female";"1";"0";38381.22;"2013-07-09";"2014-09-25";"1967-11-14"
15762952;"LATOUCHE";"France";"Female";"1";"0";198999.73;"2014-01-22";"2016-08-02";"1972-08-06"
15763262;"RAYMORE";"France";"Female";"0";"1";46678.91;"2018-06-10";"";"1975-11-19"
15764170;"Pinto";"Germany";"Male";"1";"0";36579.53;"2017-02-05";"2018-10-11";"1972-04-02"
15765794;"TRAUERNICHT";"Germany";"Female";"1";"1";225600.39;"2012-06-24";"2015-06-14";"1980-02-27"
15766226;"GOLLER";"Germany";"Female";"1";"0";114638.48;"2018-02-02";"2018-08-11";"1991-07-16"
15766681;"COCKE";"Germany";"Female";"0";"1";38161.36;"2018-11-23";"2019-03-16";"1991-12-18"
15766745;"NAVARETE";"Germany";"Female";"0";"1";61198.58;"2014-06-13";"2016-08-04";"1988-04-21"
15767145;"TYNON";"Italy";"Male";"0";"1";107584.97;"2013-05-05";"2016-02-16";"1974-07-11"
15767907;"HANNS";"Spain";"Female";"0";"0";0.0;"2014-04-22";"2015-01-31";"1983-09-23"
15768406;"SCHEIDEL";"Italy";"Male";"0";"1";88636.63;"2012-04-18";"2013-09-12";"1978-11-12"
15772518;"STRANSKY";"Italy";"Male";"1";"1";28023.03;"2018-02-25";"";"1975-07-02"
15773974;"MOFFETT";"Spain";"Male";"0";"1";124550.22;"2014-08-13";"2016-07-15";"1989-10-04"
15775485;"CASON";"Germany";"Male";"0";"0";121939.03;"2014-10-13";"2015-04-27";"1964-04-23"
15776724;"BOBBITT";"Spain";"Female";"0";"1";1375.33;"2019-06-20";"";"1977-03-08"
15777710;"HERBSTER";"France";"Female";"0";"1";50340.39;"2018-01-02";"";"1980-03-27"
15778074;"JEBBETT";"Germany";"Male";"1";"1";132035.69;"2018-02-07";"2018-10-18";"1987-07-20"
15778635;"OPET";"Spain";"Male";"0";"1";73487.86;"2018-04-20";"2019-11-27";"1979-09-25"
15781338;"TAGLIALATELA";"France";"Female";"0";"1";213242.93;"2012-05-27";"2016-01-08";"1976-07-15"
15783288;"FAUDREE";"Spain";"Male";"0";"1";34784.2;"2019-08-05";"";"1986-12-02"
15785804;"BRISCOE";"France";"Female";"1";"0";81096.86;"2014-03-10";"2014-07-30";"1975-05-08"
15785981;"LAX";"Italy";"Female";"1";"0";68261.27;"2018-03-16";"";"1986-09-08"
15786060;"GORENCE";"Spain";"Female";"1";"0";58018.37;"2012-07-16";"2015-06-23";"1963-01-21"
15788758;"KLEIBOEKER";"Spain";"Male";"1";"1";233329.56;"2013-07-12";"2014-07-08";"1958-10-29"
15790164;"";"";"";"";"";0.0;"2018-11-19";"";""
15790371;"KALFA";"Italy";"Male";"0";"0";104084.71;"2014-12-18";"2017-08-07";"1972-05-09"
15792380;"BURROSS";"Italy";"Female";"0";"1";50222.05;"2013-02-20";"2013-06-16";"1974-03-18"
15792551;"";"";"";"";"";0.0;"2014-12-14";"2018-11-13";""
15793605;"TSANG";"Italy";"Male";"0";"1";223940.32;"2014-02-18";"2016-08-08";"1971-05-21"
15795213;"HISMITH";"Germany";"Male";"1";"0";0.0;"2012-03-31";"2014-04-04";"1952-11-15"
15798442;"BOELTER";"France";"Female";"1";"0";77239.19;"2014-10-24";"2015-05-27";"1975-07-31"
15799731;"AMAZAN";"Italy";"Male";"1";"0";46277.65;"2014-10-17";"2018-08-30";"1982-01-11"
15803148;"";"";"";"";"";0.0;"2019-01-07";"";""
15803206;"SCHIMIZZI";"Spain";"Male";"0";"0";158824.91;"2018-03-08";"2018-06-30";"1967-10-05"
15805318;"STINGLE";"Italy";"Female";"1";"0";54651.31;"2019-11-03";"";"1973-06-30"
15805666;"EMSHOFF";"France";"Male";"1";"1";56138.52;"2018-09-18";"";"1966-03-23"
15807021;"BROACH";"Italy";"Female";"1";"1";85013.5;"2012-04-01";"2013-09-14";"1961-04-20"
15808442;"TROXELL";"Italy";"Male";"0";"0";134961.06;"2013-05-15";"2014-02-09";"1966-07-14"
15808719;"ROESSER";"Germany";"Female";"1";"1";74613.39;"2018-06-25";"";"1952-03-12"
15811623;"BURIGSAY";"France";"Female";"0";"1";69431.57;"2019-01-11";"";"1991-07-22"
15818457;"BENTANCOURT";"Italy";"Male";"0";"1";171856.31;"2019-02-23";"";"1978-09-18"
15820678;"THIERMAN";"Spain";"Male";"0";"1";12144.64;"2012-11-20";"2013-06-20";"1982-03-17"
15823905;"HARTJEN";"Spain";"Male";"0";"0";61356.46;"2014-12-24";"2016-01-22";"1959-02-01"
15824791;"BROOKOVER";"France";"Male";"0";"1";213133.32;"2018-02-24";"2018-08-23";"1983-11-27"
15827598;"KAUFMAN";"Spain";"Female";"0";"1";87183.07;"2018-02-26";"2018-11-25";"1974-10-09"
15832181;"CUENCA";"Germany";"Female";"0";"0";62506.78;"2019-06-30";"";"1985-08-10"
15833166;"SPICKERMAN";"France";"Female";"0";"0";175287.45;"2013-10-16";"2017-06-24";"1969-01-25"
15833267;"SILES";"Italy";"Male";"1";"0";120178.33;"2014-07-02";"2016-06-21";"1970-11-04"
15836490;"FRET";"Italy";"Female";"1";"1";77172.0;"2018-06-07";"2019-06-26";"1964-12-25"
15837237;"SQUINES";"Italy";"Female";"0";"0";126770.59;"2014-05-06";"2017-09-15";"1981-02-08"
15837582;"ESTIS";"Spain";"Female";"0";"0";0.0;"2013-09-25";"2015-03-21";"1975-12-10"
15838579;"AW";"Spain";"Male";"0";"0";159290.23;"2012-06-26";"2012-10-06";"1994-04-12"
15839129;"MANOKEY";"Germany";"Female";"1";"1";198582.75;"2019-09-27";"";"1989-05-12"
15839639;"MICHELSON";"Italy";"Male";"0";"0";172949.55;"2018-03-08";"2019-03-12";"1985-07-10"
15842790;"DELLASCIUCCA";"Germany";"Male";"0";"0";44690.34;"2013-12-20";"2017-01-12";"1959-10-31"
15843244;"WIGGLESWORTH";"Germany";"Male";"0";"1";44822.68;"2019-03-27";"";"2000-09-23"
15843652;"KANNADY";"Germany";"Male";"0";"1";135988.58;"2012-01-29";"2014-02-25";"1974-09-29"
15845135;"EVANOSKI";"Spain";"Male";"0";"0";6082.21;"2012-08-11";"2015-11-19";"1970-09-27"
15845558;"DUBREE";"Spain";"Male";"0";"1";0.0;"2013-12-20";"2016-07-15";"1971-05-13"
15848411;"PEABODY";"Germany";"Male";"0";"1";100797.94;"2014-12-25";"2018-12-23";"1978-11-12"
15848426;"GEESAMAN";"France";"Male";"1";"0";131285.64;"2012-01-28";"2013-05-28";"1969-11-07"
15848541;"ALDREGE";"Germany";"Male";"0";"1";7520.51;"2014-05-06";"2018-02-15";"1971-01-25"
15849020;"ROEKER";"France";"Male";"0";"0";225819.94;"2013-02-11";"2013-05-18";"1985-11-28"
15849554;"ZUMWALT";"Germany";"Female";"1";"0";81357.34;"2017-12-19";"";"1996-02-08"
15851171;"WACHAL";"France";"Male";"1";"0";90556.21;"2012-04-30";"2013-07-04";"1985-02-07"
15851849;"KVOESCHEN";"Spain";"Male";"1";"1";61692.29;"2014-12-19";"2016-07-02";"1986-07-06"
15852298;"FEDERKEIL";"Italy";"Male";"0";"0";64164.74;"2012-01-05";"2015-07-27";"1983-06-05"
15852597;"ANSARA";"Germany";"Female";"0";"0";189080.05;"2014-05-22";"2014-10-15";"1990-08-01"
15853906;"HERBERT";"Italy";"Female";"0";"1";199056.32;"2012-12-11";"2015-02-24";"1990-04-13"
15854867;"TUDRUJ";"Germany";"Male";"0";"0";11750.02;"2018-08-12";"";"1963-02-25"
15854941;"SMITHERS";"Germany";"Male";"1";"1";137553.19;"2018-03-13";"2018-09-03";"1971-06-23"
15856703;"SIDBERRY";"Germany";"Male";"0";"1";208167.1;"2019-01-11";"";"1968-05-21"
15860152;"TRAFFANSTEDT";"Italy";"Male";"0";"0";100510.02;"2013-06-30";"2014-03-31";"1964-09-23"
15860892;"BROUWERS";"Italy";"Female";"0";"1";83119.49;"2019-03-07";"";"1973-08-22"
15862261;"ABDO";"France";"Female";"0";"0";47696.38;"2012-02-23";"2013-02-03";"1984-09-07"
15865713;"KOMOSINSKI";"Spain";"Male";"1";"0";153051.63;"2018-08-03";"";"1989-10-10"
15866039;"VARENHORST";"Spain";"Female";"1";"0";227590.43;"2019-01-31";"";"1983-10-25"
15867278;"MODIN";"Germany";"Female";"0";"1";83319.35;"2012-07-17";"2015-10-30";"1953-10-25"
15869466;"MCCULLEN";"France";"Female";"1";"0";158669.2;"2013-08-17";"2014-06-05";"1969-04-25"
15869470;"REFFITT";"France";"Male";"0";"1";13465.09;"2012-09-15";"2013-10-29";"1984-08-06"
15870065;"WMS";"Germany";"Female";"1";"1";169280.37;"2019-06-26";"";"1983-09-05"
15872845;"SHERARD";"Germany";"Male";"0";"0";151234.22;"2012-05-25";"2013-04-13";"1990-01-16"
15875233;"MENDES";"Germany";"Female";"0";"1";140530.6;"2018-12-16";"";"1981-10-14"
15876044;"HOSNER";"France";"Female";"0";"1";140139.25;"2018-04-14";"";"1976-01-25"
15878849;"";"Italy";"";"";"";0.0;"2014-11-07";"2015-09-24";""
15879175;"HUFFMASTER";"Italy";"Male";"0";"0";30396.57;"2013-06-14";"2014-04-19";"1970-03-23"
15883728;"BESTWICK";"Germany";"Female";"0";"1";154588.81;"2012-04-14";"2014-01-04";"1961-08-26"
15883906;"HECTOR";"Spain";"Female";"0";"1";143821.92;"2018-11-19";"";"1969-06-01"
15884792;"KASIK";"France";"Female";"0";"0";127160.4;"2018-02-06";"";"1960-12-13"
15885904;"OEDER";"Italy";"Male";"1";"1";29780.4;"2014-06-12";"2016-10-09";"1984-04-22"
15887439;"GRINNAN";"Italy";"Female";"1";"0";47639.72;"2012-05-20";"2015-05-03";"1958-04-17"
15889521;"NEUWEG";"Germany";"Female";"1";"0";66258.46;"2018-09-02";"";"1966-07-06"
15890394;"RIEK";"Germany";"Female";"0";"0";122201.86;"2017-12-20";"";"1983-07-08"
15893706;"FRIESENHAHN";"Germany";"Male";"1";"0";60959.43;"2019-01-10";"2019-10-21";"1988-12-10"
15895052;"BURCHFIELD";"Italy";"Male";"0";"0";148231.67;"2019-02-16";"";"1988-04-09"
15897377;"";"";"";"";"";0.0;"2014-02-06";"2018-01-02";""
15898769;"ALCOCK";"Germany";"Female";"0";"0";197095.28;"2018-06-09";"2019-06-16";"1998-05-14"
15904646;"HOWSON";"Germany";"Female";"1";"0";156091.59;"2012-06-06";"2013-09-12";"1972-09-19"
15905403;"MANDATO";"Germany";"Female";"0";"0";34709.27;"2013-12-24";"2014-09-25";"1977-06-08"
15905808;"CERTAIN";"France";"Male";"0";"0";70585.65;"2014-09-20";"2015-03-09";"1986-08-31"
15906269;"MARCHALL";"Italy";"Male";"1";"1";48705.1;"2017-12-29";"";"1979-06-05"
15908451;"CONERY";"France";"Male";"0";"0";112484.63;"2014-08-18";"2017-06-08";"1962-11-28"
15909416;"GALLEMORE";"Germany";"Female";"0";"1";0.0;"2019-04-29";"";"1974-03-04"
15910861;"MISTLER";"Italy";"Male";"1";"0";176818.56;"2014-12-12";"2015-08-13";"1963-06-12"
15912173;"TISCHNER";"France";"Female";"1";"1";61081.59;"2014-07-15";"2016-05-18";"1995-09-14"
15913930;"HARK";"Germany";"Female";"0";"0";112252.4;"2017-12-31";"2019-04-02";"1963-11-30"
15914714;"TAKAOKA";"France";"Female";"1";"0";33775.0;"2012-04-30";"2013-08-09";"1972-11-04"
15915928;"MINKOWITZ";"Germany";"Female";"1";"1";63029.5;"2019-04-27";"";"1971-07-10"
15916389;"QUASHNOCK";"Spain";"Female";"1";"1";203575.1;"2012-01-05";"2013-02-17";"1990-11-02"
15916500;"SIALANA";"Italy";"Female";"1";"1";53472.08;"2019-02-26";"";"1963-04-30"
15918143;"CZACH";"Spain";"Female";"0";"0";98891.19;"2014-03-07";"2015-07-22";"1972-11-09"
15918731;"LAGUERRE";"Germany";"Female";"0";"1";177174.36;"2018-09-27";"2019-01-14";"1990-07-19"
15919590;"BREITENBERG";"France";"Female";"1";"0";153946.9;"2019-02-24";"";"1975-03-17"
15921961;"AHR";"Spain";"Male";"0";"0";118936.61;"2012-01-07";"2013-12-05";"1968-01-27"
15922120;"WINGARD";"Spain";"Male";"0";"1";59858.82;"2018-11-15";"";"1965-09-24"
15922748;"MILLISON";"Italy";"Female";"1";"1";126205.81;"2013-10-23";"2016-08-29";"1967-12-09"
15923951;"MAYORCA";"France";"Male";"1";"1";101024.52;"2019-09-24";"";"1971-12-26"
15925581;"VIGNOVICH";"Germany";"Male";"1";"0";78373.6;"2019-02-23";"";"1989-07-10"
15928264;"";"Italy";"";"";"";0.0;"2018-10-04";"";""
15930257;"DOBBE";"France";"Female";"0";"1";105255.16;"2014-04-12";"2016-09-20";"1965-03-02"
15931299;"ROBLIN";"Italy";"Female";"1";"0";0.0;"2013-05-24";"2015-11-30";"1970-07-20"
15933310;"RIGNEY";"Spain";"Male";"0";"1";154401.04;"2019-05-06";"";"1980-01-30"
15933785;"CHALL";"France";"Female";"1";"0";93412.92;"2014-11-30";"2017-06-24";"1963-09-07"
15934984;"KRAL";"Spain";"Male";"0";"1";134814.36;"2012-01-27";"2012-10-16";"1976-11-10"
15936732;"APANA";"Germany";"Female";"0";"1";202860.8;"2019-10-05";"";"1992-08-11"
15939803;"PANORA";"Spain";"Male";"1";"0";35939.03;"2018-12-18";"";"1980-08-19"
15940271;"DENOFRIO";"France";"Female";"1";"1";131745.3;"2012-10-24";"2014-01-17";"1956-12-15"
15940354;"FARAJ";"Germany";"Male";"1";"1";111282.98;"2013-11-24";"2015-12-07";"1949-04-09"
15940384;"KOCHMANSKI";"France";"Female";"0";"0";82061.06;"2019-09-21";"";"1979-06-30"
15941606;"NICELY";"France";"Male";"1";"1";97151.93;"2012-06-14";"2016-06-06";"1966-03-24"
15942653;"SLABY";"Germany";"Female";"0";"0";45139.26;"2019-11-12";"";"1968-06-14"
15944569;"SHURTLIFF";"France";"Female";"1";"0";24255.3;"2012-03-18";"2015-11-12";"1988-07-06"
15945946;"STRANG";"Italy";"Male";"0";"1";80002.64;"2014-02-20";"2016-04-01";"1995-09-16"
15946443;"BROADEN";"Spain";"Male";"1";"0";0.0;"2014-11-16";"2016-06-07";"1985-04-16"
15950397;"";"";"";"";"";0.0;"2018-04-23";"";""
15952193;"FOYER";"Germany";"Male";"1";"0";110632.82;"2012-11-20";"2016-03-04";"1981-01-27"
15952819;"ROMAS";"Italy";"Male";"0";"1";165578.98;"2014-06-19";"2014-10-31";"1992-09-08"
15955292;"ZECHER";"Spain";"Female";"0";"0";164048.83;"2012-07-17";"2015-09-09";"1955-09-24"
15955823;"WOJENSKI";"France";"Female";"0";"1";51802.71;"2014-10-24";"2017-02-18";"1955-02-08"
15956927;"";"Italy";"";"";"";0.0;"2012-11-02";"2016-07-31";""
15957649;"EYTCHISON";"Italy";"Female";"0";"0";83059.91;"2014-09-20";"2016-02-15";"1984-05-10"
15960493;"WEEMES";"Italy";"Female";"0";"1";43859.73;"2014-04-19";"2017-04-25";"1963-07-02"
15960704;"";"";"";"";"";0.0;"2014-05-07";"2016-06-10";""
15960749;"";"";"";"";"";0.0;"2013-01-15";"2015-03-13";""
15960786;"LAHIP";"Italy";"Female";"0";"1";70894.0;"2012-02-26";"2013-07-27";"1983-06-08"
15961419;"GITZLAFF";"Italy";"Female";"1";"1";97474.81;"2013-05-09";"2014-04-13";"1964-09-29"
15964269;"BECERRA";"Germany";"Female";"0";"0";47744.54;"2013-05-29";"2013-09-21";"1985-07-25"
15964371;"JAGO";"Italy";"Female";"0";"1";0.0;"2013-07-15";"2014-08-08";"1986-01-23"
15968100;"GOOCH";"Germany";"Male";"1";"0";31733.77;"2018-11-30";"2019-10-10";"1983-08-12"
15971467;"SCHWALM";"Spain";"Female";"1";"0";38532.15;"2019-03-25";"";"1968-09-20"
15971721;"DUSING";"France";"Male";"1";"0";137060.94;"2019-09-01";"";"1980-06-06"
15975179;"QUELCH";"Italy";"Male";"1";"0";118539.73;"2018-10-21";"";"1991-07-02"
15980344;"";"";"";"";"";0.0;"2012-10-19";"2016-07-31";""
15980411;"MATTHEIS";"Italy";"Female";"0";"0";232447.62;"2014-09-19";"2015-12-11";"1989-02-04"
15981064;"DENNY";"France";"Male";"0";"1";96087.35;"2019-07-18";"";"1974-10-15"
15982728;"GOUDEAU";"France";"Male";"0";"1";66465.09;"2018-02-02";"2019-06-01";"1972-12-18"
15984969;"SHACKLETON";"France";"Female";"1";"1";0.0;"2012-04-09";"2015-03-15";"1972-11-09"
15988846;"MULROONEY";"Spain";"Female";"1";"0";150817.06;"2014-03-28";"2016-03-20";"1982-05-12"
15989348;"LIE";"Italy";"Female";"1";"1";222666.0;"2019-02-02";"";"1989-03-24"
15991180;"RENZ";"France";"Female";"0";"0";160949.45;"2018-03-30";"2019-07-12";"1983-04-25"
15992763;"BUERGEL";"Germany";"Male";"0";"0";29541.59;"2014-01-21";"2016-01-21";"1960-06-09"
15994348;"SWANICK";"Spain";"Male";"1";"0";147838.3;"2018-06-03";"";"1982-11-26"
15995435;"ANDRADEZ";"Germany";"Female";"0";"0";125928.19;"2013-07-27";"2016-08-28";"1978-12-30"
15995745;"ULREY";"France";"Male";"0";"1";80191.53;"2014-01-07";"2014-12-14";"1980-04-12"
15996237;"CANIDA";"Germany";"Male";"0";"1";185848.38;"2013-03-26";"2014-07-04";"1981-04-25"
15997373;"NUNNERY";"Germany";"Female";"1";"1";165632.65;"2018-10-03";"2019-07-09";"1979-08-11"
